id,date,value,data_provenance,source
1,2024-09-11,70.31,PUBLIC_PROXY,Federal Reserve Economic Data (FRED) / EIA Brent Crude Spot
2,2024-09-12,73.81,PUBLIC_PROXY,Federal Reserve Economic Data (FRED) / EIA Brent Crude Spot
3,2024-09-13,73.68,PUBLIC_PROXY,Federal Reserve Economic Data (FRED) / EIA Brent Crude Spot
4,2024-09-16,73.96,PUBLIC_PROXY,Federal Reserve Economic Data (FRED) / EIA Brent Crude Spot
5,2024-09-17,74.55,PUBLIC_PROXY,Federal Reserve Economic Data (FRED) / EIA Brent Crude Spot
6,2024-09-18,74.52,PUBLIC_PROXY,Federal Reserve Economic Data (FRED) / EIA Brent Crude Spot
7,2024-09-19,75.93,PUBLIC_PROXY,Federal Reserve Economic Data (FRED) / EIA Brent Crude Spot
8,2024-09-20,75.96,PUBLIC_PROXY,Federal Reserve Economic Data (FRED) / EIA Brent Crude Spot
9,2024-09-23,74.95,PUBLIC_PROXY,Federal Reserve Economic Data (FRED) / EIA Brent Crude Spot
10,2024-09-24,75.29,PUBLIC_PROXY,Federal Reserve Economic Data (FRED) / EIA Brent Crude Spot
11,2024-09-25,75.4,PUBLIC_PROXY,Federal Reserve Economic Data (FRED) / EIA Brent Crude Spot
12,2024-09-26,73.06,PUBLIC_PROXY,Federal Reserve Economic Data (FRED) / EIA Brent Crude Spot
13,2024-09-27,71.63,PUBLIC_PROXY,Federal Reserve Economic Data (FRED) / EIA Brent Crude Spot
14,2024-09-30,72.35,PUBLIC_PROXY,Federal Reserve Economic Data (FRED) / EIA Brent Crude Spot
15,2024-10-01,75.3,PUBLIC_PROXY,Federal Reserve Economic Data (FRED) / EIA Brent Crude Spot
16,2024-10-02,74.86,PUBLIC_PROXY,Federal Reserve Economic Data (FRED) / EIA Brent Crude Spot
17,2024-10-03,77.57,PUBLIC_PROXY,Federal Reserve Economic Data (FRED) / EIA Brent Crude Spot
18,2024-10-04,79.32,PUBLIC_PROXY,Federal Reserve Economic Data (FRED) / EIA Brent Crude Spot
19,2024-10-07,81.74,PUBLIC_PROXY,Federal Reserve Economic Data (FRED) / EIA Brent Crude Spot
20,2024-10-08,78.19,PUBLIC_PROXY,Federal Reserve Economic Data (FRED) / EIA Brent Crude Spot
21,2024-10-09,77.06,PUBLIC_PROXY,Federal Reserve Economic Data (FRED) / EIA Brent Crude Spot
22,2024-10-10,79.45,PUBLIC_PROXY,Federal Reserve Economic Data (FRED) / EIA Brent Crude Spot
23,2024-10-11,80.27,PUBLIC_PROXY,Federal Reserve Economic Data (FRED) / EIA Brent Crude Spot
24,2024-10-14,78.47,PUBLIC_PROXY,Federal Reserve Economic Data (FRED) / EIA Brent Crude Spot
25,2024-10-15,73.68,PUBLIC_PROXY,Federal Reserve Economic Data (FRED) / EIA Brent Crude Spot
26,2024-10-16,73.65,PUBLIC_PROXY,Federal Reserve Economic Data (FRED) / EIA Brent Crude Spot
27,2024-10-17,74.37,PUBLIC_PROXY,Federal Reserve Economic Data (FRED) / EIA Brent Crude Spot
28,2024-10-18,72.75,PUBLIC_PROXY,Federal Reserve Economic Data (FRED) / EIA Brent Crude Spot
29,2024-10-21,73.29,PUBLIC_PROXY,Federal Reserve Economic Data (FRED) / EIA Brent Crude Spot
30,2024-10-22,75.59,PUBLIC_PROXY,Federal Reserve Economic Data (FRED) / EIA Brent Crude Spot
31,2024-10-23,74.68,PUBLIC_PROXY,Federal Reserve Economic Data (FRED) / EIA Brent Crude Spot
32,2024-10-24,74.27,PUBLIC_PROXY,Federal Reserve Economic Data (FRED) / EIA Brent Crude Spot
33,2024-10-25,75.62,PUBLIC_PROXY,Federal Reserve Economic Data (FRED) / EIA Brent Crude Spot
34,2024-10-28,71.87,PUBLIC_PROXY,Federal Reserve Economic Data (FRED) / EIA Brent Crude Spot
35,2024-10-29,71.09,PUBLIC_PROXY,Federal Reserve Economic Data (FRED) / EIA Brent Crude Spot
36,2024-10-30,73.21,PUBLIC_PROXY,Federal Reserve Economic Data (FRED) / EIA Brent Crude Spot
37,2024-10-31,73.25,PUBLIC_PROXY,Federal Reserve Economic Data (FRED) / EIA Brent Crude Spot
38,2024-11-01,73.63,PUBLIC_PROXY,Federal Reserve Economic Data (FRED) / EIA Brent Crude Spot
39,2024-11-04,74.89,PUBLIC_PROXY,Federal Reserve Economic Data (FRED) / EIA Brent Crude Spot
40,2024-11-05,76.98,PUBLIC_PROXY,Federal Reserve Economic Data (FRED) / EIA Brent Crude Spot
41,2024-11-06,76.52,PUBLIC_PROXY,Federal Reserve Economic Data (FRED) / EIA Brent Crude Spot
42,2024-11-07,75.73,PUBLIC_PROXY,Federal Reserve Economic Data (FRED) / EIA Brent Crude Spot
43,2024-11-08,74.04,PUBLIC_PROXY,Federal Reserve Economic Data (FRED) / EIA Brent Crude Spot
44,2024-11-11,72.19,PUBLIC_PROXY,Federal Reserve Economic Data (FRED) / EIA Brent Crude Spot
45,2024-11-12,72.56,PUBLIC_PROXY,Federal Reserve Economic Data (FRED) / EIA Brent Crude Spot
46,2024-11-13,72.86,PUBLIC_PROXY,Federal Reserve Economic Data (FRED) / EIA Brent Crude Spot
47,2024-11-14,73.39,PUBLIC_PROXY,Federal Reserve Economic Data (FRED) / EIA Brent Crude Spot
48,2024-11-15,73.45,PUBLIC_PROXY,Federal Reserve Economic Data (FRED) / EIA Brent Crude Spot
49,2024-11-18,74.35,PUBLIC_PROXY,Federal Reserve Economic Data (FRED) / EIA Brent Crude Spot
50,2024-11-19,74.32,PUBLIC_PROXY,Federal Reserve Economic Data (FRED) / EIA Brent Crude Spot
51,2024-11-20,74.33,PUBLIC_PROXY,Federal Reserve Economic Data (FRED) / EIA Brent Crude Spot
52,2024-11-21,75.09,PUBLIC_PROXY,Federal Reserve Economic Data (FRED) / EIA Brent Crude Spot
53,2024-11-22,76.1,PUBLIC_PROXY,Federal Reserve Economic Data (FRED) / EIA Brent Crude Spot
54,2024-11-25,74.27,PUBLIC_PROXY,Federal Reserve Economic Data (FRED) / EIA Brent Crude Spot
55,2024-11-26,74.56,PUBLIC_PROXY,Federal Reserve Economic Data (FRED) / EIA Brent Crude Spot
56,2024-11-27,73.91,PUBLIC_PROXY,Federal Reserve Economic Data (FRED) / EIA Brent Crude Spot
57,2024-11-28,73.92,PUBLIC_PROXY,Federal Reserve Economic Data (FRED) / EIA Brent Crude Spot
58,2024-11-29,74.16,PUBLIC_PROXY,Federal Reserve Economic Data (FRED) / EIA Brent Crude Spot
59,2024-12-02,72.81,PUBLIC_PROXY,Federal Reserve Economic Data (FRED) / EIA Brent Crude Spot
60,2024-12-03,74.8,PUBLIC_PROXY,Federal Reserve Economic Data (FRED) / EIA Brent Crude Spot
61,2024-12-04,74.68,PUBLIC_PROXY,Federal Reserve Economic Data (FRED) / EIA Brent Crude Spot
62,2024-12-05,73.78,PUBLIC_PROXY,Federal Reserve Economic Data (FRED) / EIA Brent Crude Spot
63,2024-12-06,73.78,PUBLIC_PROXY,Federal Reserve Economic Data (FRED) / EIA Brent Crude Spot
64,2024-12-09,73.73,PUBLIC_PROXY,Federal Reserve Economic Data (FRED) / EIA Brent Crude Spot
65,2024-12-10,73.64,PUBLIC_PROXY,Federal Reserve Economic Data (FRED) / EIA Brent Crude Spot
66,2024-12-11,74.38,PUBLIC_PROXY,Federal Reserve Economic Data (FRED) / EIA Brent Crude Spot
67,2024-12-12,73.52,PUBLIC_PROXY,Federal Reserve Economic Data (FRED) / EIA Brent Crude Spot
68,2024-12-13,74.89,PUBLIC_PROXY,Federal Reserve Economic Data (FRED) / EIA Brent Crude Spot
69,2024-12-16,74.3,PUBLIC_PROXY,Federal Reserve Economic Data (FRED) / EIA Brent Crude Spot
70,2024-12-17,73.16,PUBLIC_PROXY,Federal Reserve Economic Data (FRED) / EIA Brent Crude Spot
71,2024-12-18,74.57,PUBLIC_PROXY,Federal Reserve Economic Data (FRED) / EIA Brent Crude Spot
72,2024-12-19,73.75,PUBLIC_PROXY,Federal Reserve Economic Data (FRED) / EIA Brent Crude Spot
73,2024-12-20,73.19,PUBLIC_PROXY,Federal Reserve Economic Data (FRED) / EIA Brent Crude Spot
74,2024-12-23,72.12,PUBLIC_PROXY,Federal Reserve Economic Data (FRED) / EIA Brent Crude Spot
75,2024-12-24,73.5,PUBLIC_PROXY,Federal Reserve Economic Data (FRED) / EIA Brent Crude Spot
76,2024-12-27,73.77,PUBLIC_PROXY,Federal Reserve Economic Data (FRED) / EIA Brent Crude Spot
77,2024-12-30,74.24,PUBLIC_PROXY,Federal Reserve Economic Data (FRED) / EIA Brent Crude Spot
78,2024-12-31,74.58,PUBLIC_PROXY,Federal Reserve Economic Data (FRED) / EIA Brent Crude Spot
79,2025-01-02,76.14,PUBLIC_PROXY,Federal Reserve Economic Data (FRED) / EIA Brent Crude Spot
80,2025-01-03,76.72,PUBLIC_PROXY,Federal Reserve Economic Data (FRED) / EIA Brent Crude Spot
81,2025-01-06,77.27,PUBLIC_PROXY,Federal Reserve Economic Data (FRED) / EIA Brent Crude Spot
82,2025-01-07,77.84,PUBLIC_PROXY,Federal Reserve Economic Data (FRED) / EIA Brent Crude Spot
83,2025-01-08,77.37,PUBLIC_PROXY,Federal Reserve Economic Data (FRED) / EIA Brent Crude Spot
84,2025-01-09,78.44,PUBLIC_PROXY,Federal Reserve Economic Data (FRED) / EIA Brent Crude Spot
85,2025-01-10,79.76,PUBLIC_PROXY,Federal Reserve Economic Data (FRED) / EIA Brent Crude Spot
86,2025-01-13,82.69,PUBLIC_PROXY,Federal Reserve Economic Data (FRED) / EIA Brent Crude Spot
87,2025-01-14,82.39,PUBLIC_PROXY,Federal Reserve Economic Data (FRED) / EIA Brent Crude Spot
88,2025-01-15,83.48,PUBLIC_PROXY,Federal Reserve Economic Data (FRED) / EIA Brent Crude Spot
89,2025-01-16,82.39,PUBLIC_PROXY,Federal Reserve Economic Data (FRED) / EIA Brent Crude Spot
90,2025-01-17,83.02,PUBLIC_PROXY,Federal Reserve Economic Data (FRED) / EIA Brent Crude Spot
91,2025-01-20,81.68,PUBLIC_PROXY,Federal Reserve Economic Data (FRED) / EIA Brent Crude Spot
92,2025-01-21,80.57,PUBLIC_PROXY,Federal Reserve Economic Data (FRED) / EIA Brent Crude Spot
93,2025-01-22,80.0,PUBLIC_PROXY,Federal Reserve Economic Data (FRED) / EIA Brent Crude Spot
94,2025-01-23,78.62,PUBLIC_PROXY,Federal Reserve Economic Data (FRED) / EIA Brent Crude Spot
95,2025-01-24,78.71,PUBLIC_PROXY,Federal Reserve Economic Data (FRED) / EIA Brent Crude Spot
96,2025-01-27,77.3,PUBLIC_PROXY,Federal Reserve Economic Data (FRED) / EIA Brent Crude Spot
97,2025-01-28,78.01,PUBLIC_PROXY,Federal Reserve Economic Data (FRED) / EIA Brent Crude Spot
98,2025-01-29,77.02,PUBLIC_PROXY,Federal Reserve Economic Data (FRED) / EIA Brent Crude Spot
99,2025-01-30,77.42,PUBLIC_PROXY,Federal Reserve Economic Data (FRED) / EIA Brent Crude Spot
100,2025-01-31,77.11,PUBLIC_PROXY,Federal Reserve Economic Data (FRED) / EIA Brent Crude Spot
101,2025-02-03,76.49,PUBLIC_PROXY,Federal Reserve Economic Data (FRED) / EIA Brent Crude Spot
102,2025-02-04,76.58,PUBLIC_PROXY,Federal Reserve Economic Data (FRED) / EIA Brent Crude Spot
103,2025-02-05,74.71,PUBLIC_PROXY,Federal Reserve Economic Data (FRED) / EIA Brent Crude Spot
104,2025-02-06,74.54,PUBLIC_PROXY,Federal Reserve Economic Data (FRED) / EIA Brent Crude Spot
105,2025-02-07,74.68,PUBLIC_PROXY,Federal Reserve Economic Data (FRED) / EIA Brent Crude Spot
106,2025-02-10,76.23,PUBLIC_PROXY,Federal Reserve Economic Data (FRED) / EIA Brent Crude Spot
107,2025-02-11,77.65,PUBLIC_PROXY,Federal Reserve Economic Data (FRED) / EIA Brent Crude Spot
108,2025-02-12,75.38,PUBLIC_PROXY,Federal Reserve Economic Data (FRED) / EIA Brent Crude Spot
109,2025-02-13,75.61,PUBLIC_PROXY,Federal Reserve Economic Data (FRED) / EIA Brent Crude Spot
110,2025-02-14,75.19,PUBLIC_PROXY,Federal Reserve Economic Data (FRED) / EIA Brent Crude Spot
111,2025-02-17,75.81,PUBLIC_PROXY,Federal Reserve Economic Data (FRED) / EIA Brent Crude Spot
112,2025-02-18,76.46,PUBLIC_PROXY,Federal Reserve Economic Data (FRED) / EIA Brent Crude Spot
113,2025-02-19,76.34,PUBLIC_PROXY,Federal Reserve Economic Data (FRED) / EIA Brent Crude Spot
114,2025-02-20,76.95,PUBLIC_PROXY,Federal Reserve Economic Data (FRED) / EIA Brent Crude Spot
115,2025-02-21,74.88,PUBLIC_PROXY,Federal Reserve Economic Data (FRED) / EIA Brent Crude Spot
116,2025-02-24,74.89,PUBLIC_PROXY,Federal Reserve Economic Data (FRED) / EIA Brent Crude Spot
117,2025-02-25,73.11,PUBLIC_PROXY,Federal Reserve Economic Data (FRED) / EIA Brent Crude Spot
118,2025-02-26,73.49,PUBLIC_PROXY,Federal Reserve Economic Data (FRED) / EIA Brent Crude Spot
119,2025-02-27,75.01,PUBLIC_PROXY,Federal Reserve Economic Data (FRED) / EIA Brent Crude Spot
120,2025-02-28,74.76,PUBLIC_PROXY,Federal Reserve Economic Data (FRED) / EIA Brent Crude Spot
121,2025-03-03,72.85,PUBLIC_PROXY,Federal Reserve Economic Data (FRED) / EIA Brent Crude Spot
122,2025-03-04,72.31,PUBLIC_PROXY,Federal Reserve Economic Data (FRED) / EIA Brent Crude Spot
123,2025-03-05,70.92,PUBLIC_PROXY,Federal Reserve Economic Data (FRED) / EIA Brent Crude Spot
124,2025-03-06,71.08,PUBLIC_PROXY,Federal Reserve Economic Data (FRED) / EIA Brent Crude Spot
125,2025-03-07,72.49,PUBLIC_PROXY,Federal Reserve Economic Data (FRED) / EIA Brent Crude Spot
126,2025-03-10,71.08,PUBLIC_PROXY,Federal Reserve Economic Data (FRED) / EIA Brent Crude Spot
127,2025-03-11,71.51,PUBLIC_PROXY,Federal Reserve Economic Data (FRED) / EIA Brent Crude Spot
128,2025-03-12,72.36,PUBLIC_PROXY,Federal Reserve Economic Data (FRED) / EIA Brent Crude Spot
129,2025-03-13,70.82,PUBLIC_PROXY,Federal Reserve Economic Data (FRED) / EIA Brent Crude Spot
130,2025-03-14,71.94,PUBLIC_PROXY,Federal Reserve Economic Data (FRED) / EIA Brent Crude Spot
131,2025-03-17,71.93,PUBLIC_PROXY,Federal Reserve Economic Data (FRED) / EIA Brent Crude Spot
132,2025-03-18,71.93,PUBLIC_PROXY,Federal Reserve Economic Data (FRED) / EIA Brent Crude Spot
133,2025-03-19,71.94,PUBLIC_PROXY,Federal Reserve Economic Data (FRED) / EIA Brent Crude Spot
134,2025-03-20,72.61,PUBLIC_PROXY,Federal Reserve Economic Data (FRED) / EIA Brent Crude Spot
135,2025-03-21,72.64,PUBLIC_PROXY,Federal Reserve Economic Data (FRED) / EIA Brent Crude Spot
136,2025-03-24,73.96,PUBLIC_PROXY,Federal Reserve Economic Data (FRED) / EIA Brent Crude Spot
137,2025-03-25,73.78,PUBLIC_PROXY,Federal Reserve Economic Data (FRED) / EIA Brent Crude Spot
138,2025-03-26,74.6,PUBLIC_PROXY,Federal Reserve Economic Data (FRED) / EIA Brent Crude Spot
139,2025-03-27,74.72,PUBLIC_PROXY,Federal Reserve Economic Data (FRED) / EIA Brent Crude Spot
140,2025-03-28,74.69,PUBLIC_PROXY,Federal Reserve Economic Data (FRED) / EIA Brent Crude Spot
141,2025-03-31,77.23,PUBLIC_PROXY,Federal Reserve Economic Data (FRED) / EIA Brent Crude Spot
142,2025-04-01,77.78,PUBLIC_PROXY,Federal Reserve Economic Data (FRED) / EIA Brent Crude Spot
143,2025-04-02,77.27,PUBLIC_PROXY,Federal Reserve Economic Data (FRED) / EIA Brent Crude Spot
144,2025-04-03,72.54,PUBLIC_PROXY,Federal Reserve Economic Data (FRED) / EIA Brent Crude Spot
145,2025-04-04,68.36,PUBLIC_PROXY,Federal Reserve Economic Data (FRED) / EIA Brent Crude Spot
146,2025-04-07,66.13,PUBLIC_PROXY,Federal Reserve Economic Data (FRED) / EIA Brent Crude Spot
147,2025-04-08,64.86,PUBLIC_PROXY,Federal Reserve Economic Data (FRED) / EIA Brent Crude Spot
148,2025-04-09,67.3,PUBLIC_PROXY,Federal Reserve Economic Data (FRED) / EIA Brent Crude Spot
149,2025-04-10,65.37,PUBLIC_PROXY,Federal Reserve Economic Data (FRED) / EIA Brent Crude Spot
150,2025-04-11,66.83,PUBLIC_PROXY,Federal Reserve Economic Data (FRED) / EIA Brent Crude Spot
151,2025-04-14,67.18,PUBLIC_PROXY,Federal Reserve Economic Data (FRED) / EIA Brent Crude Spot
152,2025-04-15,66.58,PUBLIC_PROXY,Federal Reserve Economic Data (FRED) / EIA Brent Crude Spot
153,2025-04-16,67.94,PUBLIC_PROXY,Federal Reserve Economic Data (FRED) / EIA Brent Crude Spot
154,2025-04-17,69.33,PUBLIC_PROXY,Federal Reserve Economic Data (FRED) / EIA Brent Crude Spot
155,2025-04-22,68.93,PUBLIC_PROXY,Federal Reserve Economic Data (FRED) / EIA Brent Crude Spot
156,2025-04-23,68.26,PUBLIC_PROXY,Federal Reserve Economic Data (FRED) / EIA Brent Crude Spot
157,2025-04-24,67.5,PUBLIC_PROXY,Federal Reserve Economic Data (FRED) / EIA Brent Crude Spot
158,2025-04-25,66.99,PUBLIC_PROXY,Federal Reserve Economic Data (FRED) / EIA Brent Crude Spot
159,2025-04-28,66.13,PUBLIC_PROXY,Federal Reserve Economic Data (FRED) / EIA Brent Crude Spot
160,2025-04-29,64.04,PUBLIC_PROXY,Federal Reserve Economic Data (FRED) / EIA Brent Crude Spot
161,2025-04-30,63.37,PUBLIC_PROXY,Federal Reserve Economic Data (FRED) / EIA Brent Crude Spot
162,2025-05-01,62.37,PUBLIC_PROXY,Federal Reserve Economic Data (FRED) / EIA Brent Crude Spot
163,2025-05-02,61.57,PUBLIC_PROXY,Federal Reserve Economic Data (FRED) / EIA Brent Crude Spot
164,2025-05-06,62.37,PUBLIC_PROXY,Federal Reserve Economic Data (FRED) / EIA Brent Crude Spot
165,2025-05-07,60.31,PUBLIC_PROXY,Federal Reserve Economic Data (FRED) / EIA Brent Crude Spot
166,2025-05-08,62.22,PUBLIC_PROXY,Federal Reserve Economic Data (FRED) / EIA Brent Crude Spot
167,2025-05-09,64.26,PUBLIC_PROXY,Federal Reserve Economic Data (FRED) / EIA Brent Crude Spot
168,2025-05-12,65.28,PUBLIC_PROXY,Federal Reserve Economic Data (FRED) / EIA Brent Crude Spot
169,2025-05-13,66.93,PUBLIC_PROXY,Federal Reserve Economic Data (FRED) / EIA Brent Crude Spot
170,2025-05-14,65.91,PUBLIC_PROXY,Federal Reserve Economic Data (FRED) / EIA Brent Crude Spot
171,2025-05-15,64.36,PUBLIC_PROXY,Federal Reserve Economic Data (FRED) / EIA Brent Crude Spot
172,2025-05-16,65.2,PUBLIC_PROXY,Federal Reserve Economic Data (FRED) / EIA Brent Crude Spot
173,2025-05-19,66.25,PUBLIC_PROXY,Federal Reserve Economic Data (FRED) / EIA Brent Crude Spot
174,2025-05-20,66.93,PUBLIC_PROXY,Federal Reserve Economic Data (FRED) / EIA Brent Crude Spot
175,2025-05-21,65.86,PUBLIC_PROXY,Federal Reserve Economic Data (FRED) / EIA Brent Crude Spot
176,2025-05-22,64.87,PUBLIC_PROXY,Federal Reserve Economic Data (FRED) / EIA Brent Crude Spot
177,2025-05-23,65.41,PUBLIC_PROXY,Federal Reserve Economic Data (FRED) / EIA Brent Crude Spot
178,2025-05-27,64.32,PUBLIC_PROXY,Federal Reserve Economic Data (FRED) / EIA Brent Crude Spot
179,2025-05-28,65.72,PUBLIC_PROXY,Federal Reserve Economic Data (FRED) / EIA Brent Crude Spot
180,2025-05-29,64.6,PUBLIC_PROXY,Federal Reserve Economic Data (FRED) / EIA Brent Crude Spot
181,2025-05-30,64.32,PUBLIC_PROXY,Federal Reserve Economic Data (FRED) / EIA Brent Crude Spot
182,2025-06-02,66.55,PUBLIC_PROXY,Federal Reserve Economic Data (FRED) / EIA Brent Crude Spot
183,2025-06-03,67.48,PUBLIC_PROXY,Federal Reserve Economic Data (FRED) / EIA Brent Crude Spot
184,2025-06-04,66.69,PUBLIC_PROXY,Federal Reserve Economic Data (FRED) / EIA Brent Crude Spot
185,2025-06-05,67.14,PUBLIC_PROXY,Federal Reserve Economic Data (FRED) / EIA Brent Crude Spot
186,2025-06-06,68.02,PUBLIC_PROXY,Federal Reserve Economic Data (FRED) / EIA Brent Crude Spot
187,2025-06-09,68.73,PUBLIC_PROXY,Federal Reserve Economic Data (FRED) / EIA Brent Crude Spot
188,2025-06-10,68.41,PUBLIC_PROXY,Federal Reserve Economic Data (FRED) / EIA Brent Crude Spot
189,2025-06-11,71.29,PUBLIC_PROXY,Federal Reserve Economic Data (FRED) / EIA Brent Crude Spot
190,2025-06-12,70.84,PUBLIC_PROXY,Federal Reserve Economic Data (FRED) / EIA Brent Crude Spot
191,2025-06-13,76.0,PUBLIC_PROXY,Federal Reserve Economic Data (FRED) / EIA Brent Crude Spot
192,2025-06-16,75.05,PUBLIC_PROXY,Federal Reserve Economic Data (FRED) / EIA Brent Crude Spot
193,2025-06-17,78.7,PUBLIC_PROXY,Federal Reserve Economic Data (FRED) / EIA Brent Crude Spot
194,2025-06-18,78.38,PUBLIC_PROXY,Federal Reserve Economic Data (FRED) / EIA Brent Crude Spot
195,2025-06-19,80.37,PUBLIC_PROXY,Federal Reserve Economic Data (FRED) / EIA Brent Crude Spot
196,2025-06-20,78.73,PUBLIC_PROXY,Federal Reserve Economic Data (FRED) / EIA Brent Crude Spot
197,2025-06-23,74.34,PUBLIC_PROXY,Federal Reserve Economic Data (FRED) / EIA Brent Crude Spot
198,2025-06-24,69.13,PUBLIC_PROXY,Federal Reserve Economic Data (FRED) / EIA Brent Crude Spot
199,2025-06-25,68.4,PUBLIC_PROXY,Federal Reserve Economic Data (FRED) / EIA Brent Crude Spot
200,2025-06-26,68.57,PUBLIC_PROXY,Federal Reserve Economic Data (FRED) / EIA Brent Crude Spot
201,2025-06-27,69.37,PUBLIC_PROXY,Federal Reserve Economic Data (FRED) / EIA Brent Crude Spot
202,2025-06-30,68.15,PUBLIC_PROXY,Federal Reserve Economic Data (FRED) / EIA Brent Crude Spot
203,2025-07-01,67.63,PUBLIC_PROXY,Federal Reserve Economic Data (FRED) / EIA Brent Crude Spot
204,2025-07-02,70.8,PUBLIC_PROXY,Federal Reserve Economic Data (FRED) / EIA Brent Crude Spot
205,2025-07-03,70.42,PUBLIC_PROXY,Federal Reserve Economic Data (FRED) / EIA Brent Crude Spot
206,2025-07-04,71.03,PUBLIC_PROXY,Federal Reserve Economic Data (FRED) / EIA Brent Crude Spot
207,2025-07-07,71.95,PUBLIC_PROXY,Federal Reserve Economic Data (FRED) / EIA Brent Crude Spot
208,2025-07-08,72.5,PUBLIC_PROXY,Federal Reserve Economic Data (FRED) / EIA Brent Crude Spot
209,2025-07-09,71.98,PUBLIC_PROXY,Federal Reserve Economic Data (FRED) / EIA Brent Crude Spot
210,2025-07-10,70.38,PUBLIC_PROXY,Federal Reserve Economic Data (FRED) / EIA Brent Crude Spot
211,2025-07-11,72.06,PUBLIC_PROXY,Federal Reserve Economic Data (FRED) / EIA Brent Crude Spot
212,2025-07-14,70.96,PUBLIC_PROXY,Federal Reserve Economic Data (FRED) / EIA Brent Crude Spot
213,2025-07-15,70.27,PUBLIC_PROXY,Federal Reserve Economic Data (FRED) / EIA Brent Crude Spot
214,2025-07-16,69.67,PUBLIC_PROXY,Federal Reserve Economic Data (FRED) / EIA Brent Crude Spot
215,2025-07-17,71.32,PUBLIC_PROXY,Federal Reserve Economic Data (FRED) / EIA Brent Crude Spot
216,2025-07-18,71.06,PUBLIC_PROXY,Federal Reserve Economic Data (FRED) / EIA Brent Crude Spot
217,2025-07-21,71.92,PUBLIC_PROXY,Federal Reserve Economic Data (FRED) / EIA Brent Crude Spot
218,2025-07-22,69.69,PUBLIC_PROXY,Federal Reserve Economic Data (FRED) / EIA Brent Crude Spot
219,2025-07-23,69.17,PUBLIC_PROXY,Federal Reserve Economic Data (FRED) / EIA Brent Crude Spot
220,2025-07-24,70.42,PUBLIC_PROXY,Federal Reserve Economic Data (FRED) / EIA Brent Crude Spot
221,2025-07-25,69.23,PUBLIC_PROXY,Federal Reserve Economic Data (FRED) / EIA Brent Crude Spot
222,2025-07-28,70.87,PUBLIC_PROXY,Federal Reserve Economic Data (FRED) / EIA Brent Crude Spot
223,2025-07-29,73.21,PUBLIC_PROXY,Federal Reserve Economic Data (FRED) / EIA Brent Crude Spot
224,2025-07-30,73.98,PUBLIC_PROXY,Federal Reserve Economic Data (FRED) / EIA Brent Crude Spot
225,2025-07-31,73.43,PUBLIC_PROXY,Federal Reserve Economic Data (FRED) / EIA Brent Crude Spot
226,2025-08-01,70.55,PUBLIC_PROXY,Federal Reserve Economic Data (FRED) / EIA Brent Crude Spot
227,2025-08-04,69.56,PUBLIC_PROXY,Federal Reserve Economic Data (FRED) / EIA Brent Crude Spot
228,2025-08-05,69.14,PUBLIC_PROXY,Federal Reserve Economic Data (FRED) / EIA Brent Crude Spot
229,2025-08-06,67.97,PUBLIC_PROXY,Federal Reserve Economic Data (FRED) / EIA Brent Crude Spot
230,2025-08-07,66.99,PUBLIC_PROXY,Federal Reserve Economic Data (FRED) / EIA Brent Crude Spot
231,2025-08-08,67.17,PUBLIC_PROXY,Federal Reserve Economic Data (FRED) / EIA Brent Crude Spot
232,2025-08-11,67.36,PUBLIC_PROXY,Federal Reserve Economic Data (FRED) / EIA Brent Crude Spot
233,2025-08-12,66.8,PUBLIC_PROXY,Federal Reserve Economic Data (FRED) / EIA Brent Crude Spot
234,2025-08-13,66.25,PUBLIC_PROXY,Federal Reserve Economic Data (FRED) / EIA Brent Crude Spot
235,2025-08-14,68.12,PUBLIC_PROXY,Federal Reserve Economic Data (FRED) / EIA Brent Crude Spot
236,2025-08-15,67.3,PUBLIC_PROXY,Federal Reserve Economic Data (FRED) / EIA Brent Crude Spot
237,2025-08-18,68.18,PUBLIC_PROXY,Federal Reserve Economic Data (FRED) / EIA Brent Crude Spot
238,2025-08-19,66.62,PUBLIC_PROXY,Federal Reserve Economic Data (FRED) / EIA Brent Crude Spot
239,2025-08-20,67.61,PUBLIC_PROXY,Federal Reserve Economic Data (FRED) / EIA Brent Crude Spot
240,2025-08-21,68.41,PUBLIC_PROXY,Federal Reserve Economic Data (FRED) / EIA Brent Crude Spot
241,2025-08-22,68.29,PUBLIC_PROXY,Federal Reserve Economic Data (FRED) / EIA Brent Crude Spot
242,2025-08-26,66.89,PUBLIC_PROXY,Federal Reserve Economic Data (FRED) / EIA Brent Crude Spot
243,2025-08-27,67.75,PUBLIC_PROXY,Federal Reserve Economic Data (FRED) / EIA Brent Crude Spot
244,2025-08-28,68.61,PUBLIC_PROXY,Federal Reserve Economic Data (FRED) / EIA Brent Crude Spot
245,2025-08-29,67.83,PUBLIC_PROXY,Federal Reserve Economic Data (FRED) / EIA Brent Crude Spot
246,2025-09-01,67.09,PUBLIC_PROXY,Federal Reserve Economic Data (FRED) / EIA Brent Crude Spot
247,2025-09-02,68.09,PUBLIC_PROXY,Federal Reserve Economic Data (FRED) / EIA Brent Crude Spot
248,2025-09-03,67.76,PUBLIC_PROXY,Federal Reserve Economic Data (FRED) / EIA Brent Crude Spot
249,2025-09-04,66.41,PUBLIC_PROXY,Federal Reserve Economic Data (FRED) / EIA Brent Crude Spot
250,2025-09-05,64.92,PUBLIC_PROXY,Federal Reserve Economic Data (FRED) / EIA Brent Crude Spot
251,2025-09-08,65.44,PUBLIC_PROXY,Federal Reserve Economic Data (FRED) / EIA Brent Crude Spot
252,2025-09-09,67.97,PUBLIC_PROXY,Federal Reserve Economic Data (FRED) / EIA Brent Crude Spot
253,2025-09-10,67.62,PUBLIC_PROXY,Federal Reserve Economic Data (FRED) / EIA Brent Crude Spot
254,2025-09-11,67.25,PUBLIC_PROXY,Federal Reserve Economic Data (FRED) / EIA Brent Crude Spot
255,2025-09-12,67.87,PUBLIC_PROXY,Federal Reserve Economic Data (FRED) / EIA Brent Crude Spot
256,2025-09-15,67.88,PUBLIC_PROXY,Federal Reserve Economic Data (FRED) / EIA Brent Crude Spot
257,2025-09-16,69.69,PUBLIC_PROXY,Federal Reserve Economic Data (FRED) / EIA Brent Crude Spot
258,2025-09-17,69.19,PUBLIC_PROXY,Federal Reserve Economic Data (FRED) / EIA Brent Crude Spot
259,2025-09-18,67.83,PUBLIC_PROXY,Federal Reserve Economic Data (FRED) / EIA Brent Crude Spot
260,2025-09-19,67.05,PUBLIC_PROXY,Federal Reserve Economic Data (FRED) / EIA Brent Crude Spot
261,2025-09-22,66.87,PUBLIC_PROXY,Federal Reserve Economic Data (FRED) / EIA Brent Crude Spot
262,2025-09-23,67.96,PUBLIC_PROXY,Federal Reserve Economic Data (FRED) / EIA Brent Crude Spot
263,2025-09-24,69.64,PUBLIC_PROXY,Federal Reserve Economic Data (FRED) / EIA Brent Crude Spot
264,2025-09-25,70.48,PUBLIC_PROXY,Federal Reserve Economic Data (FRED) / EIA Brent Crude Spot
265,2025-09-26,71.15,PUBLIC_PROXY,Federal Reserve Economic Data (FRED) / EIA Brent Crude Spot
266,2025-09-29,69.0,PUBLIC_PROXY,Federal Reserve Economic Data (FRED) / EIA Brent Crude Spot
267,2025-09-30,68.52,PUBLIC_PROXY,Federal Reserve Economic Data (FRED) / EIA Brent Crude Spot
268,2025-10-01,66.67,PUBLIC_PROXY,Federal Reserve Economic Data (FRED) / EIA Brent Crude Spot
269,2025-10-02,65.44,PUBLIC_PROXY,Federal Reserve Economic Data (FRED) / EIA Brent Crude Spot
270,2025-10-03,66.13,PUBLIC_PROXY,Federal Reserve Economic Data (FRED) / EIA Brent Crude Spot
271,2025-10-06,67.09,PUBLIC_PROXY,Federal Reserve Economic Data (FRED) / EIA Brent Crude Spot
272,2025-10-07,67.1,PUBLIC_PROXY,Federal Reserve Economic Data (FRED) / EIA Brent Crude Spot
273,2025-10-08,67.42,PUBLIC_PROXY,Federal Reserve Economic Data (FRED) / EIA Brent Crude Spot
274,2025-10-09,67.23,PUBLIC_PROXY,Federal Reserve Economic Data (FRED) / EIA Brent Crude Spot
275,2025-10-10,64.41,PUBLIC_PROXY,Federal Reserve Economic Data (FRED) / EIA Brent Crude Spot
276,2025-10-13,64.15,PUBLIC_PROXY,Federal Reserve Economic Data (FRED) / EIA Brent Crude Spot
277,2025-10-14,63.0,PUBLIC_PROXY,Federal Reserve Economic Data (FRED) / EIA Brent Crude Spot
278,2025-10-15,62.33,PUBLIC_PROXY,Federal Reserve Economic Data (FRED) / EIA Brent Crude Spot
279,2025-10-16,61.08,PUBLIC_PROXY,Federal Reserve Economic Data (FRED) / EIA Brent Crude Spot
280,2025-10-17,61.23,PUBLIC_PROXY,Federal Reserve Economic Data (FRED) / EIA Brent Crude Spot
281,2025-10-20,60.71,PUBLIC_PROXY,Federal Reserve Economic Data (FRED) / EIA Brent Crude Spot
282,2025-10-21,61.0,PUBLIC_PROXY,Federal Reserve Economic Data (FRED) / EIA Brent Crude Spot
283,2025-10-22,62.28,PUBLIC_PROXY,Federal Reserve Economic Data (FRED) / EIA Brent Crude Spot
284,2025-10-23,66.32,PUBLIC_PROXY,Federal Reserve Economic Data (FRED) / EIA Brent Crude Spot
285,2025-10-24,65.8,PUBLIC_PROXY,Federal Reserve Economic Data (FRED) / EIA Brent Crude Spot
286,2025-10-27,65.52,PUBLIC_PROXY,Federal Reserve Economic Data (FRED) / EIA Brent Crude Spot
287,2025-10-28,64.03,PUBLIC_PROXY,Federal Reserve Economic Data (FRED) / EIA Brent Crude Spot
288,2025-10-29,65.01,PUBLIC_PROXY,Federal Reserve Economic Data (FRED) / EIA Brent Crude Spot
289,2025-10-30,65.11,PUBLIC_PROXY,Federal Reserve Economic Data (FRED) / EIA Brent Crude Spot
290,2025-10-31,65.44,PUBLIC_PROXY,Federal Reserve Economic Data (FRED) / EIA Brent Crude Spot
291,2025-11-03,65.79,PUBLIC_PROXY,Federal Reserve Economic Data (FRED) / EIA Brent Crude Spot
292,2025-11-04,65.04,PUBLIC_PROXY,Federal Reserve Economic Data (FRED) / EIA Brent Crude Spot
293,2025-11-05,63.54,PUBLIC_PROXY,Federal Reserve Economic Data (FRED) / EIA Brent Crude Spot
294,2025-11-06,63.41,PUBLIC_PROXY,Federal Reserve Economic Data (FRED) / EIA Brent Crude Spot
295,2025-11-07,63.72,PUBLIC_PROXY,Federal Reserve Economic Data (FRED) / EIA Brent Crude Spot
296,2025-11-10,63.01,PUBLIC_PROXY,Federal Reserve Economic Data (FRED) / EIA Brent Crude Spot
297,2025-11-11,63.86,PUBLIC_PROXY,Federal Reserve Economic Data (FRED) / EIA Brent Crude Spot
298,2025-11-12,61.88,PUBLIC_PROXY,Federal Reserve Economic Data (FRED) / EIA Brent Crude Spot
299,2025-11-13,62.14,PUBLIC_PROXY,Federal Reserve Economic Data (FRED) / EIA Brent Crude Spot
300,2025-11-14,63.45,PUBLIC_PROXY,Federal Reserve Economic Data (FRED) / EIA Brent Crude Spot
301,2025-11-17,63.16,PUBLIC_PROXY,Federal Reserve Economic Data (FRED) / EIA Brent Crude Spot
302,2025-11-18,64.86,PUBLIC_PROXY,Federal Reserve Economic Data (FRED) / EIA Brent Crude Spot
303,2025-11-19,63.78,PUBLIC_PROXY,Federal Reserve Economic Data (FRED) / EIA Brent Crude Spot
304,2025-11-20,63.64,PUBLIC_PROXY,Federal Reserve Economic Data (FRED) / EIA Brent Crude Spot
305,2025-11-21,62.78,PUBLIC_PROXY,Federal Reserve Economic Data (FRED) / EIA Brent Crude Spot
306,2025-11-24,64.83,PUBLIC_PROXY,Federal Reserve Economic Data (FRED) / EIA Brent Crude Spot
307,2025-11-25,63.99,PUBLIC_PROXY,Federal Reserve Economic Data (FRED) / EIA Brent Crude Spot
308,2025-11-26,64.81,PUBLIC_PROXY,Federal Reserve Economic Data (FRED) / EIA Brent Crude Spot
309,2025-11-27,64.18,PUBLIC_PROXY,Federal Reserve Economic Data (FRED) / EIA Brent Crude Spot
310,2025-11-28,64.07,PUBLIC_PROXY,Federal Reserve Economic Data (FRED) / EIA Brent Crude Spot
311,2025-12-01,64.22,PUBLIC_PROXY,Federal Reserve Economic Data (FRED) / EIA Brent Crude Spot
312,2025-12-02,63.37,PUBLIC_PROXY,Federal Reserve Economic Data (FRED) / EIA Brent Crude Spot
313,2025-12-03,63.75,PUBLIC_PROXY,Federal Reserve Economic Data (FRED) / EIA Brent Crude Spot
314,2025-12-04,64.15,PUBLIC_PROXY,Federal Reserve Economic Data (FRED) / EIA Brent Crude Spot
315,2025-12-05,64.42,PUBLIC_PROXY,Federal Reserve Economic Data (FRED) / EIA Brent Crude Spot
316,2025-12-08,63.3,PUBLIC_PROXY,Federal Reserve Economic Data (FRED) / EIA Brent Crude Spot
317,2025-12-09,62.62,PUBLIC_PROXY,Federal Reserve Economic Data (FRED) / EIA Brent Crude Spot
318,2025-12-10,63.12,PUBLIC_PROXY,Federal Reserve Economic Data (FRED) / EIA Brent Crude Spot
319,2025-12-11,61.87,PUBLIC_PROXY,Federal Reserve Economic Data (FRED) / EIA Brent Crude Spot
320,2025-12-12,62.11,PUBLIC_PROXY,Federal Reserve Economic Data (FRED) / EIA Brent Crude Spot
321,2025-12-15,61.55,PUBLIC_PROXY,Federal Reserve Economic Data (FRED) / EIA Brent Crude Spot
322,2025-12-16,59.93,PUBLIC_PROXY,Federal Reserve Economic Data (FRED) / EIA Brent Crude Spot
323,2025-12-17,60.61,PUBLIC_PROXY,Federal Reserve Economic Data (FRED) / EIA Brent Crude Spot
324,2025-12-18,60.69,PUBLIC_PROXY,Federal Reserve Economic Data (FRED) / EIA Brent Crude Spot
325,2025-12-19,61.35,PUBLIC_PROXY,Federal Reserve Economic Data (FRED) / EIA Brent Crude Spot
326,2025-12-22,62.22,PUBLIC_PROXY,Federal Reserve Economic Data (FRED) / EIA Brent Crude Spot
327,2025-12-23,63.7,PUBLIC_PROXY,Federal Reserve Economic Data (FRED) / EIA Brent Crude Spot
328,2025-12-24,63.7,PUBLIC_PROXY,Federal Reserve Economic Data (FRED) / EIA Brent Crude Spot
329,2025-12-29,63.1,PUBLIC_PROXY,Federal Reserve Economic Data (FRED) / EIA Brent Crude Spot
330,2025-12-30,62.3,PUBLIC_PROXY,Federal Reserve Economic Data (FRED) / EIA Brent Crude Spot
331,2025-12-31,61.35,PUBLIC_PROXY,Federal Reserve Economic Data (FRED) / EIA Brent Crude Spot
332,2026-01-02,61.98,PUBLIC_PROXY,Federal Reserve Economic Data (FRED) / EIA Brent Crude Spot
333,2026-01-05,63.0,PUBLIC_PROXY,Federal Reserve Economic Data (FRED) / EIA Brent Crude Spot
334,2026-01-06,62.1,PUBLIC_PROXY,Federal Reserve Economic Data (FRED) / EIA Brent Crude Spot
335,2026-01-07,61.08,PUBLIC_PROXY,Federal Reserve Economic Data (FRED) / EIA Brent Crude Spot
336,2026-01-08,63.34,PUBLIC_PROXY,Federal Reserve Economic Data (FRED) / EIA Brent Crude Spot
337,2026-01-09,65.11,PUBLIC_PROXY,Federal Reserve Economic Data (FRED) / EIA Brent Crude Spot
338,2026-01-12,65.4,PUBLIC_PROXY,Federal Reserve Economic Data (FRED) / EIA Brent Crude Spot
339,2026-01-13,67.58,PUBLIC_PROXY,Federal Reserve Economic Data (FRED) / EIA Brent Crude Spot
340,2026-01-14,68.87,PUBLIC_PROXY,Federal Reserve Economic Data (FRED) / EIA Brent Crude Spot
341,2026-01-15,66.16,PUBLIC_PROXY,Federal Reserve Economic Data (FRED) / EIA Brent Crude Spot
342,2026-01-16,66.97,PUBLIC_PROXY,Federal Reserve Economic Data (FRED) / EIA Brent Crude Spot
343,2026-01-19,66.91,PUBLIC_PROXY,Federal Reserve Economic Data (FRED) / EIA Brent Crude Spot
344,2026-01-20,67.68,PUBLIC_PROXY,Federal Reserve Economic Data (FRED) / EIA Brent Crude Spot
345,2026-01-21,66.72,PUBLIC_PROXY,Federal Reserve Economic Data (FRED) / EIA Brent Crude Spot
346,2026-01-22,65.46,PUBLIC_PROXY,Federal Reserve Economic Data (FRED) / EIA Brent Crude Spot
347,2026-01-23,68.16,PUBLIC_PROXY,Federal Reserve Economic Data (FRED) / EIA Brent Crude Spot
348,2026-01-26,67.7,PUBLIC_PROXY,Federal Reserve Economic Data (FRED) / EIA Brent Crude Spot
349,2026-01-27,70.28,PUBLIC_PROXY,Federal Reserve Economic Data (FRED) / EIA Brent Crude Spot
350,2026-01-28,70.9,PUBLIC_PROXY,Federal Reserve Economic Data (FRED) / EIA Brent Crude Spot
351,2026-01-29,71.0,PUBLIC_PROXY,Federal Reserve Economic Data (FRED) / EIA Brent Crude Spot
352,2026-01-30,72.25,PUBLIC_PROXY,Federal Reserve Economic Data (FRED) / EIA Brent Crude Spot
353,2026-02-02,67.72,PUBLIC_PROXY,Federal Reserve Economic Data (FRED) / EIA Brent Crude Spot
354,2026-02-03,70.01,PUBLIC_PROXY,Federal Reserve Economic Data (FRED) / EIA Brent Crude Spot
355,2026-02-04,71.15,PUBLIC_PROXY,Federal Reserve Economic Data (FRED) / EIA Brent Crude Spot
356,2026-02-05,69.87,PUBLIC_PROXY,Federal Reserve Economic Data (FRED) / EIA Brent Crude Spot
357,2026-02-06,70.45,PUBLIC_PROXY,Federal Reserve Economic Data (FRED) / EIA Brent Crude Spot
358,2026-02-09,71.19,PUBLIC_PROXY,Federal Reserve Economic Data (FRED) / EIA Brent Crude Spot
359,2026-02-10,71.01,PUBLIC_PROXY,Federal Reserve Economic Data (FRED) / EIA Brent Crude Spot
360,2026-02-11,71.52,PUBLIC_PROXY,Federal Reserve Economic Data (FRED) / EIA Brent Crude Spot
361,2026-02-12,69.8,PUBLIC_PROXY,Federal Reserve Economic Data (FRED) / EIA Brent Crude Spot
362,2026-02-13,69.96,PUBLIC_PROXY,Federal Reserve Economic Data (FRED) / EIA Brent Crude Spot
363,2026-02-16,70.81,PUBLIC_PROXY,Federal Reserve Economic Data (FRED) / EIA Brent Crude Spot
364,2026-02-17,69.77,PUBLIC_PROXY,Federal Reserve Economic Data (FRED) / EIA Brent Crude Spot
365,2026-02-18,71.78,PUBLIC_PROXY,Federal Reserve Economic Data (FRED) / EIA Brent Crude Spot
366,2026-02-19,73.17,PUBLIC_PROXY,Federal Reserve Economic Data (FRED) / EIA Brent Crude Spot
367,2026-02-20,72.75,PUBLIC_PROXY,Federal Reserve Economic Data (FRED) / EIA Brent Crude Spot
368,2026-02-23,71.9,PUBLIC_PROXY,Federal Reserve Economic Data (FRED) / EIA Brent Crude Spot
369,2026-02-24,71.21,PUBLIC_PROXY,Federal Reserve Economic Data (FRED) / EIA Brent Crude Spot
370,2026-02-25,70.69,PUBLIC_PROXY,Federal Reserve Economic Data (FRED) / EIA Brent Crude Spot
371,2026-02-26,71.66,PUBLIC_PROXY,Federal Reserve Economic Data (FRED) / EIA Brent Crude Spot
372,2026-02-27,71.32,PUBLIC_PROXY,Federal Reserve Economic Data (FRED) / EIA Brent Crude Spot
373,2026-03-02,77.24,PUBLIC_PROXY,Federal Reserve Economic Data (FRED) / EIA Brent Crude Spot
374,2026-03-03,83.28,PUBLIC_PROXY,Federal Reserve Economic Data (FRED) / EIA Brent Crude Spot
375,2026-03-04,81.56,PUBLIC_PROXY,Federal Reserve Economic Data (FRED) / EIA Brent Crude Spot
376,2026-03-05,88.59,PUBLIC_PROXY,Federal Reserve Economic Data (FRED) / EIA Brent Crude Spot
377,2026-03-06,95.74,PUBLIC_PROXY,Federal Reserve Economic Data (FRED) / EIA Brent Crude Spot
378,2026-03-09,94.35,PUBLIC_PROXY,Federal Reserve Economic Data (FRED) / EIA Brent Crude Spot
379,2026-03-10,89.84,PUBLIC_PROXY,Federal Reserve Economic Data (FRED) / EIA Brent Crude Spot
380,2026-03-11,90.98,PUBLIC_PROXY,Federal Reserve Economic Data (FRED) / EIA Brent Crude Spot
381,2026-03-12,102.38,PUBLIC_PROXY,Federal Reserve Economic Data (FRED) / EIA Brent Crude Spot
382,2026-03-13,103.23,PUBLIC_PROXY,Federal Reserve Economic Data (FRED) / EIA Brent Crude Spot
383,2026-03-16,101.04,PUBLIC_PROXY,Federal Reserve Economic Data (FRED) / EIA Brent Crude Spot
384,2026-03-17,108.39,PUBLIC_PROXY,Federal Reserve Economic Data (FRED) / EIA Brent Crude Spot
385,2026-03-18,118.09,PUBLIC_PROXY,Federal Reserve Economic Data (FRED) / EIA Brent Crude Spot
386,2026-03-19,111.05,PUBLIC_PROXY,Federal Reserve Economic Data (FRED) / EIA Brent Crude Spot
387,2026-03-20,118.42,PUBLIC_PROXY,Federal Reserve Economic Data (FRED) / EIA Brent Crude Spot
388,2026-03-23,103.79,PUBLIC_PROXY,Federal Reserve Economic Data (FRED) / EIA Brent Crude Spot
389,2026-03-24,108.42,PUBLIC_PROXY,Federal Reserve Economic Data (FRED) / EIA Brent Crude Spot
390,2026-03-25,109.14,PUBLIC_PROXY,Federal Reserve Economic Data (FRED) / EIA Brent Crude Spot
391,2026-03-26,113.39,PUBLIC_PROXY,Federal Reserve Economic Data (FRED) / EIA Brent Crude Spot
392,2026-03-27,121.47,PUBLIC_PROXY,Federal Reserve Economic Data (FRED) / EIA Brent Crude Spot
393,2026-03-30,121.88,PUBLIC_PROXY,Federal Reserve Economic Data (FRED) / EIA Brent Crude Spot
394,2026-03-31,126.69,PUBLIC_PROXY,Federal Reserve Economic Data (FRED) / EIA Brent Crude Spot
395,2026-04-01,119.56,PUBLIC_PROXY,Federal Reserve Economic Data (FRED) / EIA Brent Crude Spot
396,2026-04-02,127.61,PUBLIC_PROXY,Federal Reserve Economic Data (FRED) / EIA Brent Crude Spot
397,2026-04-07,138.21,PUBLIC_PROXY,Federal Reserve Economic Data (FRED) / EIA Brent Crude Spot
398,2026-04-08,122.11,PUBLIC_PROXY,Federal Reserve Economic Data (FRED) / EIA Brent Crude Spot
399,2026-04-09,119.03,PUBLIC_PROXY,Federal Reserve Economic Data (FRED) / EIA Brent Crude Spot
400,2026-04-10,119.07,PUBLIC_PROXY,Federal Reserve Economic Data (FRED) / EIA Brent Crude Spot
401,2026-04-13,123.28,PUBLIC_PROXY,Federal Reserve Economic Data (FRED) / EIA Brent Crude Spot
402,2026-04-14,118.69,PUBLIC_PROXY,Federal Reserve Economic Data (FRED) / EIA Brent Crude Spot
403,2026-04-15,114.93,PUBLIC_PROXY,Federal Reserve Economic Data (FRED) / EIA Brent Crude Spot
404,2026-04-16,116.63,PUBLIC_PROXY,Federal Reserve Economic Data (FRED) / EIA Brent Crude Spot
405,2026-04-17,98.63,PUBLIC_PROXY,Federal Reserve Economic Data (FRED) / EIA Brent Crude Spot
406,2026-04-20,103.4,PUBLIC_PROXY,Federal Reserve Economic Data (FRED) / EIA Brent Crude Spot
407,2026-04-21,106.14,PUBLIC_PROXY,Federal Reserve Economic Data (FRED) / EIA Brent Crude Spot
408,2026-04-22,113.44,PUBLIC_PROXY,Federal Reserve Economic Data (FRED) / EIA Brent Crude Spot
409,2026-04-23,113.25,PUBLIC_PROXY,Federal Reserve Economic Data (FRED) / EIA Brent Crude Spot
410,2026-04-24,111.86,PUBLIC_PROXY,Federal Reserve Economic Data (FRED) / EIA Brent Crude Spot
411,2026-04-27,113.89,PUBLIC_PROXY,Federal Reserve Economic Data (FRED) / EIA Brent Crude Spot
412,2026-04-28,117.62,PUBLIC_PROXY,Federal Reserve Economic Data (FRED) / EIA Brent Crude Spot
413,2026-04-29,124.16,PUBLIC_PROXY,Federal Reserve Economic Data (FRED) / EIA Brent Crude Spot
414,2026-04-30,124.24,PUBLIC_PROXY,Federal Reserve Economic Data (FRED) / EIA Brent Crude Spot
415,2026-05-01,118.26,PUBLIC_PROXY,Federal Reserve Economic Data (FRED) / EIA Brent Crude Spot
416,2026-05-05,114.51,PUBLIC_PROXY,Federal Reserve Economic Data (FRED) / EIA Brent Crude Spot
417,2026-05-06,103.7,PUBLIC_PROXY,Federal Reserve Economic Data (FRED) / EIA Brent Crude Spot
418,2026-05-07,101.82,PUBLIC_PROXY,Federal Reserve Economic Data (FRED) / EIA Brent Crude Spot
419,2026-05-08,103.48,PUBLIC_PROXY,Federal Reserve Economic Data (FRED) / EIA Brent Crude Spot
420,2026-05-11,106.11,PUBLIC_PROXY,Federal Reserve Economic Data (FRED) / EIA Brent Crude Spot
421,2026-05-12,111.37,PUBLIC_PROXY,Federal Reserve Economic Data (FRED) / EIA Brent Crude Spot
422,2026-05-13,110.28,PUBLIC_PROXY,Federal Reserve Economic Data (FRED) / EIA Brent Crude Spot
423,2026-05-14,110.91,PUBLIC_PROXY,Federal Reserve Economic Data (FRED) / EIA Brent Crude Spot
424,2026-05-15,113.96,PUBLIC_PROXY,Federal Reserve Economic Data (FRED) / EIA Brent Crude Spot
425,2026-05-18,116.73,PUBLIC_PROXY,Federal Reserve Economic Data (FRED) / EIA Brent Crude Spot
426,2026-05-19,114.64,PUBLIC_PROXY,Federal Reserve Economic Data (FRED) / EIA Brent Crude Spot
427,2026-05-20,108.93,PUBLIC_PROXY,Federal Reserve Economic Data (FRED) / EIA Brent Crude Spot
428,2026-05-21,105.84,PUBLIC_PROXY,Federal Reserve Economic Data (FRED) / EIA Brent Crude Spot
429,2026-05-22,106.9,PUBLIC_PROXY,Federal Reserve Economic Data (FRED) / EIA Brent Crude Spot
430,2026-05-26,102.75,PUBLIC_PROXY,Federal Reserve Economic Data (FRED) / EIA Brent Crude Spot
431,2026-05-27,97.11,PUBLIC_PROXY,Federal Reserve Economic Data (FRED) / EIA Brent Crude Spot
432,2026-05-28,95.47,PUBLIC_PROXY,Federal Reserve Economic Data (FRED) / EIA Brent Crude Spot
433,2026-05-29,92.88,PUBLIC_PROXY,Federal Reserve Economic Data (FRED) / EIA Brent Crude Spot
434,2026-06-01,98.29,PUBLIC_PROXY,Federal Reserve Economic Data (FRED) / EIA Brent Crude Spot
435,2026-06-02,98.49,PUBLIC_PROXY,Federal Reserve Economic Data (FRED) / EIA Brent Crude Spot
436,2026-06-03,101.69,PUBLIC_PROXY,Federal Reserve Economic Data (FRED) / EIA Brent Crude Spot
437,2026-06-04,98.98,PUBLIC_PROXY,Federal Reserve Economic Data (FRED) / EIA Brent Crude Spot
438,2026-06-05,97.29,PUBLIC_PROXY,Federal Reserve Economic Data (FRED) / EIA Brent Crude Spot
439,2026-06-08,97.46,PUBLIC_PROXY,Federal Reserve Economic Data (FRED) / EIA Brent Crude Spot
440,2026-06-09,94.15,PUBLIC_PROXY,Federal Reserve Economic Data (FRED) / EIA Brent Crude Spot
441,2026-06-10,95.73,PUBLIC_PROXY,Federal Reserve Economic Data (FRED) / EIA Brent Crude Spot
442,2026-06-11,92.84,PUBLIC_PROXY,Federal Reserve Economic Data (FRED) / EIA Brent Crude Spot
443,2026-06-12,88.64,PUBLIC_PROXY,Federal Reserve Economic Data (FRED) / EIA Brent Crude Spot
444,2026-06-15,84.36,PUBLIC_PROXY,Federal Reserve Economic Data (FRED) / EIA Brent Crude Spot
445,2026-06-16,80.5,PUBLIC_PROXY,Federal Reserve Economic Data (FRED) / EIA Brent Crude Spot
446,2026-06-17,80.33,PUBLIC_PROXY,Federal Reserve Economic Data (FRED) / EIA Brent Crude Spot
447,2026-06-18,79.35,PUBLIC_PROXY,Federal Reserve Economic Data (FRED) / EIA Brent Crude Spot
448,2026-06-19,80.46,PUBLIC_PROXY,Federal Reserve Economic Data (FRED) / EIA Brent Crude Spot
449,2026-06-22,76.49,PUBLIC_PROXY,Federal Reserve Economic Data (FRED) / EIA Brent Crude Spot
450,2026-06-23,75.69,PUBLIC_PROXY,Federal Reserve Economic Data (FRED) / EIA Brent Crude Spot
451,2026-06-24,72.09,PUBLIC_PROXY,Federal Reserve Economic Data (FRED) / EIA Brent Crude Spot
452,2026-06-25,73.74,PUBLIC_PROXY,Federal Reserve Economic Data (FRED) / EIA Brent Crude Spot
453,2026-06-26,70.16,PUBLIC_PROXY,Federal Reserve Economic Data (FRED) / EIA Brent Crude Spot
454,2026-06-29,71.59,PUBLIC_PROXY,Federal Reserve Economic Data (FRED) / EIA Brent Crude Spot
455,2026-06-30,70.46,PUBLIC_PROXY,Federal Reserve Economic Data (FRED) / EIA Brent Crude Spot
456,2026-07-01,69.24,PUBLIC_PROXY,Federal Reserve Economic Data (FRED) / EIA Brent Crude Spot
457,2026-07-02,68.53,PUBLIC_PROXY,Federal Reserve Economic Data (FRED) / EIA Brent Crude Spot
458,2026-07-03,68.68,PUBLIC_PROXY,Federal Reserve Economic Data (FRED) / EIA Brent Crude Spot
459,2026-07-06,69.56,PUBLIC_PROXY,Federal Reserve Economic Data (FRED) / EIA Brent Crude Spot
460,2026-07-07,71.78,PUBLIC_PROXY,Federal Reserve Economic Data (FRED) / EIA Brent Crude Spot
461,2026-07-08,76.5,PUBLIC_PROXY,Federal Reserve Economic Data (FRED) / EIA Brent Crude Spot
462,2026-07-09,74.46,PUBLIC_PROXY,Federal Reserve Economic Data (FRED) / EIA Brent Crude Spot
463,2026-07-10,74.34,PUBLIC_PROXY,Federal Reserve Economic Data (FRED) / EIA Brent Crude Spot
464,2026-07-13,81.62,PUBLIC_PROXY,Federal Reserve Economic Data (FRED) / EIA Brent Crude Spot
465,2026-07-14,83.69,PUBLIC_PROXY,Federal Reserve Economic Data (FRED) / EIA Brent Crude Spot
466,2026-07-15,83.08,PUBLIC_PROXY,Federal Reserve Economic Data (FRED) / EIA Brent Crude Spot
467,2026-07-16,81.23,PUBLIC_PROXY,Federal Reserve Economic Data (FRED) / EIA Brent Crude Spot
468,2026-07-17,85.01,PUBLIC_PROXY,Federal Reserve Economic Data (FRED) / EIA Brent Crude Spot
469,2026-07-20,86.99,PUBLIC_PROXY,Federal Reserve Economic Data (FRED) / EIA Brent Crude Spot
470,2026-07-21,93.85,PUBLIC_PROXY,Federal Reserve Economic Data (FRED) / EIA Brent Crude Spot
471,2026-07-22,94.12,PUBLIC_PROXY,Federal Reserve Economic Data (FRED) / EIA Brent Crude Spot
472,2026-07-23,105.32,PUBLIC_PROXY,Federal Reserve Economic Data (FRED) / EIA Brent Crude Spot
473,2026-07-24,100.31,PUBLIC_PROXY,Federal Reserve Economic Data (FRED) / EIA Brent Crude Spot
474,2026-07-27,91.82,PUBLIC_PROXY,Federal Reserve Economic Data (FRED) / EIA Brent Crude Spot
475,2026-07-28,85.51,PUBLIC_PROXY,Federal Reserve Economic Data (FRED) / EIA Brent Crude Spot
476,2026-07-29,91.95,PUBLIC_PROXY,Federal Reserve Economic Data (FRED) / EIA Brent Crude Spot
477,2026-07-30,91.91,PUBLIC_PROXY,Federal Reserve Economic Data (FRED) / EIA Brent Crude Spot
478,2026-07-31,96.95,PUBLIC_PROXY,Federal Reserve Economic Data (FRED) / EIA Brent Crude Spot
479,2026-08-03,88.9,PUBLIC_PROXY,Federal Reserve Economic Data (FRED) / EIA Brent Crude Spot
480,2026-08-04,86.47,PUBLIC_PROXY,Federal Reserve Economic Data (FRED) / EIA Brent Crude Spot
481,2026-08-05,86.65,PUBLIC_PROXY,Federal Reserve Economic Data (FRED) / EIA Brent Crude Spot
482,2026-08-06,89.65,PUBLIC_PROXY,Federal Reserve Economic Data (FRED) / EIA Brent Crude Spot
483,2026-08-07,87.62,PUBLIC_PROXY,Federal Reserve Economic Data (FRED) / EIA Brent Crude Spot
484,2026-08-10,92.74,PUBLIC_PROXY,Federal Reserve Economic Data (FRED) / EIA Brent Crude Spot
485,2026-08-11,93.26,PUBLIC_PROXY,Federal Reserve Economic Data (FRED) / EIA Brent Crude Spot
486,2026-08-12,92.52,PUBLIC_PROXY,Federal Reserve Economic Data (FRED) / EIA Brent Crude Spot
487,2026-08-13,92.03,PUBLIC_PROXY,Federal Reserve Economic Data (FRED) / EIA Brent Crude Spot
488,2026-08-14,92.02,PUBLIC_PROXY,Federal Reserve Economic Data (FRED) / EIA Brent Crude Spot
489,2026-08-17,92.43,PUBLIC_PROXY,Federal Reserve Economic Data (FRED) / EIA Brent Crude Spot
490,2026-08-18,95.29,PUBLIC_PROXY,Federal Reserve Economic Data (FRED) / EIA Brent Crude Spot
491,2026-08-19,92.37,PUBLIC_PROXY,Federal Reserve Economic Data (FRED) / EIA Brent Crude Spot
492,2026-08-20,94.0,PUBLIC_PROXY,Federal Reserve Economic Data (FRED) / EIA Brent Crude Spot
493,2026-08-21,96.92,PUBLIC_PROXY,Federal Reserve Economic Data (FRED) / EIA Brent Crude Spot
494,2026-08-24,92.71,PUBLIC_PROXY,Federal Reserve Economic Data (FRED) / EIA Brent Crude Spot
495,2026-08-25,88.24,PUBLIC_PROXY,Federal Reserve Economic Data (FRED) / EIA Brent Crude Spot
496,2026-08-26,87.77,PUBLIC_PROXY,Federal Reserve Economic Data (FRED) / EIA Brent Crude Spot
497,2026-08-27,90.18,PUBLIC_PROXY,Federal Reserve Economic Data (FRED) / EIA Brent Crude Spot
498,2026-08-28,89.75,PUBLIC_PROXY,Federal Reserve Economic Data (FRED) / EIA Brent Crude Spot
499,2026-09-01,96.02,PUBLIC_PROXY,Federal Reserve Economic Data (FRED) / EIA Brent Crude Spot
500,2026-09-02,97.59,PUBLIC_PROXY,Federal Reserve Economic Data (FRED) / EIA Brent Crude Spot
501,2026-09-03,100.52,PUBLIC_PROXY,Federal Reserve Economic Data (FRED) / EIA Brent Crude Spot
502,2026-09-04,102.24,PUBLIC_PROXY,Federal Reserve Economic Data (FRED) / EIA Brent Crude Spot
503,2026-09-07,104.47,PUBLIC_PROXY,Federal Reserve Economic Data (FRED) / EIA Brent Crude Spot
504,2026-09-08,106.12,PUBLIC_PROXY,Federal Reserve Economic Data (FRED) / EIA Brent Crude Spot
505,2026-09-09,109.51,PUBLIC_PROXY,Federal Reserve Economic Data (FRED) / EIA Brent Crude Spot
