id,index_name,date,value,data_provenance,source
1,BDRY,2024-09-11,10.75,PUBLIC_PROXY,Yahoo Finance / Breakwave Dry Bulk Freight Index
2,BDRY,2024-09-12,10.62,PUBLIC_PROXY,Yahoo Finance / Breakwave Dry Bulk Freight Index
3,BDRY,2024-09-13,10.27,PUBLIC_PROXY,Yahoo Finance / Breakwave Dry Bulk Freight Index
4,BDRY,2024-09-16,10.37,PUBLIC_PROXY,Yahoo Finance / Breakwave Dry Bulk Freight Index
5,BDRY,2024-09-17,10.35,PUBLIC_PROXY,Yahoo Finance / Breakwave Dry Bulk Freight Index
6,BDRY,2024-09-18,10.68,PUBLIC_PROXY,Yahoo Finance / Breakwave Dry Bulk Freight Index
7,BDRY,2024-09-19,10.57,PUBLIC_PROXY,Yahoo Finance / Breakwave Dry Bulk Freight Index
8,BDRY,2024-09-20,10.4,PUBLIC_PROXY,Yahoo Finance / Breakwave Dry Bulk Freight Index
9,BDRY,2024-09-23,10.62,PUBLIC_PROXY,Yahoo Finance / Breakwave Dry Bulk Freight Index
10,BDRY,2024-09-24,10.74,PUBLIC_PROXY,Yahoo Finance / Breakwave Dry Bulk Freight Index
11,BDRY,2024-09-25,10.65,PUBLIC_PROXY,Yahoo Finance / Breakwave Dry Bulk Freight Index
12,BDRY,2024-09-26,10.72,PUBLIC_PROXY,Yahoo Finance / Breakwave Dry Bulk Freight Index
13,BDRY,2024-09-27,10.45,PUBLIC_PROXY,Yahoo Finance / Breakwave Dry Bulk Freight Index
14,BDRY,2024-09-30,10.74,PUBLIC_PROXY,Yahoo Finance / Breakwave Dry Bulk Freight Index
15,BDRY,2024-10-01,10.19,PUBLIC_PROXY,Yahoo Finance / Breakwave Dry Bulk Freight Index
16,BDRY,2024-10-02,10.08,PUBLIC_PROXY,Yahoo Finance / Breakwave Dry Bulk Freight Index
17,BDRY,2024-10-03,10.35,PUBLIC_PROXY,Yahoo Finance / Breakwave Dry Bulk Freight Index
18,BDRY,2024-10-04,10.26,PUBLIC_PROXY,Yahoo Finance / Breakwave Dry Bulk Freight Index
19,BDRY,2024-10-07,10.22,PUBLIC_PROXY,Yahoo Finance / Breakwave Dry Bulk Freight Index
20,BDRY,2024-10-08,9.79,PUBLIC_PROXY,Yahoo Finance / Breakwave Dry Bulk Freight Index
21,BDRY,2024-10-09,9.33,PUBLIC_PROXY,Yahoo Finance / Breakwave Dry Bulk Freight Index
22,BDRY,2024-10-10,9.54,PUBLIC_PROXY,Yahoo Finance / Breakwave Dry Bulk Freight Index
23,BDRY,2024-10-11,9.41,PUBLIC_PROXY,Yahoo Finance / Breakwave Dry Bulk Freight Index
24,BDRY,2024-10-14,9.04,PUBLIC_PROXY,Yahoo Finance / Breakwave Dry Bulk Freight Index
25,BDRY,2024-10-15,8.52,PUBLIC_PROXY,Yahoo Finance / Breakwave Dry Bulk Freight Index
26,BDRY,2024-10-16,8.1,PUBLIC_PROXY,Yahoo Finance / Breakwave Dry Bulk Freight Index
27,BDRY,2024-10-17,8.42,PUBLIC_PROXY,Yahoo Finance / Breakwave Dry Bulk Freight Index
28,BDRY,2024-10-18,8.22,PUBLIC_PROXY,Yahoo Finance / Breakwave Dry Bulk Freight Index
29,BDRY,2024-10-21,7.93,PUBLIC_PROXY,Yahoo Finance / Breakwave Dry Bulk Freight Index
30,BDRY,2024-10-22,7.93,PUBLIC_PROXY,Yahoo Finance / Breakwave Dry Bulk Freight Index
31,BDRY,2024-10-23,8.06,PUBLIC_PROXY,Yahoo Finance / Breakwave Dry Bulk Freight Index
32,BDRY,2024-10-24,7.93,PUBLIC_PROXY,Yahoo Finance / Breakwave Dry Bulk Freight Index
33,BDRY,2024-10-25,7.81,PUBLIC_PROXY,Yahoo Finance / Breakwave Dry Bulk Freight Index
34,BDRY,2024-10-28,7.53,PUBLIC_PROXY,Yahoo Finance / Breakwave Dry Bulk Freight Index
35,BDRY,2024-10-29,7.87,PUBLIC_PROXY,Yahoo Finance / Breakwave Dry Bulk Freight Index
36,BDRY,2024-10-30,7.48,PUBLIC_PROXY,Yahoo Finance / Breakwave Dry Bulk Freight Index
37,BDRY,2024-10-31,7.48,PUBLIC_PROXY,Yahoo Finance / Breakwave Dry Bulk Freight Index
38,BDRY,2024-11-01,7.47,PUBLIC_PROXY,Yahoo Finance / Breakwave Dry Bulk Freight Index
39,BDRY,2024-11-04,7.78,PUBLIC_PROXY,Yahoo Finance / Breakwave Dry Bulk Freight Index
40,BDRY,2024-11-05,7.85,PUBLIC_PROXY,Yahoo Finance / Breakwave Dry Bulk Freight Index
41,BDRY,2024-11-06,7.65,PUBLIC_PROXY,Yahoo Finance / Breakwave Dry Bulk Freight Index
42,BDRY,2024-11-07,7.89,PUBLIC_PROXY,Yahoo Finance / Breakwave Dry Bulk Freight Index
43,BDRY,2024-11-08,8.15,PUBLIC_PROXY,Yahoo Finance / Breakwave Dry Bulk Freight Index
44,BDRY,2024-11-11,8.46,PUBLIC_PROXY,Yahoo Finance / Breakwave Dry Bulk Freight Index
45,BDRY,2024-11-12,8.3,PUBLIC_PROXY,Yahoo Finance / Breakwave Dry Bulk Freight Index
46,BDRY,2024-11-13,8.49,PUBLIC_PROXY,Yahoo Finance / Breakwave Dry Bulk Freight Index
47,BDRY,2024-11-14,8.45,PUBLIC_PROXY,Yahoo Finance / Breakwave Dry Bulk Freight Index
48,BDRY,2024-11-15,8.5,PUBLIC_PROXY,Yahoo Finance / Breakwave Dry Bulk Freight Index
49,BDRY,2024-11-18,7.99,PUBLIC_PROXY,Yahoo Finance / Breakwave Dry Bulk Freight Index
50,BDRY,2024-11-19,7.8,PUBLIC_PROXY,Yahoo Finance / Breakwave Dry Bulk Freight Index
51,BDRY,2024-11-20,7.664,PUBLIC_PROXY,Yahoo Finance / Breakwave Dry Bulk Freight Index
52,BDRY,2024-11-21,7.5,PUBLIC_PROXY,Yahoo Finance / Breakwave Dry Bulk Freight Index
53,BDRY,2024-11-22,7.23,PUBLIC_PROXY,Yahoo Finance / Breakwave Dry Bulk Freight Index
54,BDRY,2024-11-25,7.451,PUBLIC_PROXY,Yahoo Finance / Breakwave Dry Bulk Freight Index
55,BDRY,2024-11-26,7.41,PUBLIC_PROXY,Yahoo Finance / Breakwave Dry Bulk Freight Index
56,BDRY,2024-11-27,6.8,PUBLIC_PROXY,Yahoo Finance / Breakwave Dry Bulk Freight Index
57,BDRY,2024-11-29,6.65,PUBLIC_PROXY,Yahoo Finance / Breakwave Dry Bulk Freight Index
58,BDRY,2024-12-02,6.35,PUBLIC_PROXY,Yahoo Finance / Breakwave Dry Bulk Freight Index
59,BDRY,2024-12-03,6.35,PUBLIC_PROXY,Yahoo Finance / Breakwave Dry Bulk Freight Index
60,BDRY,2024-12-04,6.44,PUBLIC_PROXY,Yahoo Finance / Breakwave Dry Bulk Freight Index
61,BDRY,2024-12-05,6.62,PUBLIC_PROXY,Yahoo Finance / Breakwave Dry Bulk Freight Index
62,BDRY,2024-12-06,6.49,PUBLIC_PROXY,Yahoo Finance / Breakwave Dry Bulk Freight Index
63,BDRY,2024-12-09,6.2,PUBLIC_PROXY,Yahoo Finance / Breakwave Dry Bulk Freight Index
64,BDRY,2024-12-10,6.02,PUBLIC_PROXY,Yahoo Finance / Breakwave Dry Bulk Freight Index
65,BDRY,2024-12-11,5.71,PUBLIC_PROXY,Yahoo Finance / Breakwave Dry Bulk Freight Index
66,BDRY,2024-12-12,5.9,PUBLIC_PROXY,Yahoo Finance / Breakwave Dry Bulk Freight Index
67,BDRY,2024-12-13,6.1,PUBLIC_PROXY,Yahoo Finance / Breakwave Dry Bulk Freight Index
68,BDRY,2024-12-16,6.07,PUBLIC_PROXY,Yahoo Finance / Breakwave Dry Bulk Freight Index
69,BDRY,2024-12-17,5.85,PUBLIC_PROXY,Yahoo Finance / Breakwave Dry Bulk Freight Index
70,BDRY,2024-12-18,6.06,PUBLIC_PROXY,Yahoo Finance / Breakwave Dry Bulk Freight Index
71,BDRY,2024-12-19,6.01,PUBLIC_PROXY,Yahoo Finance / Breakwave Dry Bulk Freight Index
72,BDRY,2024-12-20,6.22,PUBLIC_PROXY,Yahoo Finance / Breakwave Dry Bulk Freight Index
73,BDRY,2024-12-23,6.25,PUBLIC_PROXY,Yahoo Finance / Breakwave Dry Bulk Freight Index
74,BDRY,2024-12-24,6.13,PUBLIC_PROXY,Yahoo Finance / Breakwave Dry Bulk Freight Index
75,BDRY,2024-12-26,6.065,PUBLIC_PROXY,Yahoo Finance / Breakwave Dry Bulk Freight Index
76,BDRY,2024-12-27,6.1,PUBLIC_PROXY,Yahoo Finance / Breakwave Dry Bulk Freight Index
77,BDRY,2024-12-30,5.92,PUBLIC_PROXY,Yahoo Finance / Breakwave Dry Bulk Freight Index
78,BDRY,2024-12-31,6.08,PUBLIC_PROXY,Yahoo Finance / Breakwave Dry Bulk Freight Index
79,BDRY,2025-01-02,6.25,PUBLIC_PROXY,Yahoo Finance / Breakwave Dry Bulk Freight Index
80,BDRY,2025-01-03,6.26,PUBLIC_PROXY,Yahoo Finance / Breakwave Dry Bulk Freight Index
81,BDRY,2025-01-06,5.82,PUBLIC_PROXY,Yahoo Finance / Breakwave Dry Bulk Freight Index
82,BDRY,2025-01-07,5.63,PUBLIC_PROXY,Yahoo Finance / Breakwave Dry Bulk Freight Index
83,BDRY,2025-01-08,5.55,PUBLIC_PROXY,Yahoo Finance / Breakwave Dry Bulk Freight Index
84,BDRY,2025-01-10,6.7,PUBLIC_PROXY,Yahoo Finance / Breakwave Dry Bulk Freight Index
85,BDRY,2025-01-13,5.84,PUBLIC_PROXY,Yahoo Finance / Breakwave Dry Bulk Freight Index
86,BDRY,2025-01-14,6.13,PUBLIC_PROXY,Yahoo Finance / Breakwave Dry Bulk Freight Index
87,BDRY,2025-01-15,5.89,PUBLIC_PROXY,Yahoo Finance / Breakwave Dry Bulk Freight Index
88,BDRY,2025-01-16,5.73,PUBLIC_PROXY,Yahoo Finance / Breakwave Dry Bulk Freight Index
89,BDRY,2025-01-17,5.72,PUBLIC_PROXY,Yahoo Finance / Breakwave Dry Bulk Freight Index
90,BDRY,2025-01-21,5.61,PUBLIC_PROXY,Yahoo Finance / Breakwave Dry Bulk Freight Index
91,BDRY,2025-01-22,5.28,PUBLIC_PROXY,Yahoo Finance / Breakwave Dry Bulk Freight Index
92,BDRY,2025-01-23,5.14,PUBLIC_PROXY,Yahoo Finance / Breakwave Dry Bulk Freight Index
93,BDRY,2025-01-24,5.14,PUBLIC_PROXY,Yahoo Finance / Breakwave Dry Bulk Freight Index
94,BDRY,2025-01-27,5.32,PUBLIC_PROXY,Yahoo Finance / Breakwave Dry Bulk Freight Index
95,BDRY,2025-01-28,5.28,PUBLIC_PROXY,Yahoo Finance / Breakwave Dry Bulk Freight Index
96,BDRY,2025-01-29,5.32,PUBLIC_PROXY,Yahoo Finance / Breakwave Dry Bulk Freight Index
97,BDRY,2025-01-30,5.49,PUBLIC_PROXY,Yahoo Finance / Breakwave Dry Bulk Freight Index
98,BDRY,2025-01-31,5.77,PUBLIC_PROXY,Yahoo Finance / Breakwave Dry Bulk Freight Index
99,BDRY,2025-02-03,5.47,PUBLIC_PROXY,Yahoo Finance / Breakwave Dry Bulk Freight Index
100,BDRY,2025-02-04,5.87,PUBLIC_PROXY,Yahoo Finance / Breakwave Dry Bulk Freight Index
101,BDRY,2025-02-05,5.99,PUBLIC_PROXY,Yahoo Finance / Breakwave Dry Bulk Freight Index
102,BDRY,2025-02-06,5.8,PUBLIC_PROXY,Yahoo Finance / Breakwave Dry Bulk Freight Index
103,BDRY,2025-02-07,5.86,PUBLIC_PROXY,Yahoo Finance / Breakwave Dry Bulk Freight Index
104,BDRY,2025-02-10,5.78,PUBLIC_PROXY,Yahoo Finance / Breakwave Dry Bulk Freight Index
105,BDRY,2025-02-11,5.68,PUBLIC_PROXY,Yahoo Finance / Breakwave Dry Bulk Freight Index
106,BDRY,2025-02-12,5.51,PUBLIC_PROXY,Yahoo Finance / Breakwave Dry Bulk Freight Index
107,BDRY,2025-02-13,5.5,PUBLIC_PROXY,Yahoo Finance / Breakwave Dry Bulk Freight Index
108,BDRY,2025-02-14,5.64,PUBLIC_PROXY,Yahoo Finance / Breakwave Dry Bulk Freight Index
109,BDRY,2025-02-18,6.08,PUBLIC_PROXY,Yahoo Finance / Breakwave Dry Bulk Freight Index
110,BDRY,2025-02-19,5.99,PUBLIC_PROXY,Yahoo Finance / Breakwave Dry Bulk Freight Index
111,BDRY,2025-02-20,6.45,PUBLIC_PROXY,Yahoo Finance / Breakwave Dry Bulk Freight Index
112,BDRY,2025-02-21,6.32,PUBLIC_PROXY,Yahoo Finance / Breakwave Dry Bulk Freight Index
113,BDRY,2025-02-24,6.09,PUBLIC_PROXY,Yahoo Finance / Breakwave Dry Bulk Freight Index
114,BDRY,2025-02-25,6.26,PUBLIC_PROXY,Yahoo Finance / Breakwave Dry Bulk Freight Index
115,BDRY,2025-02-26,6.4,PUBLIC_PROXY,Yahoo Finance / Breakwave Dry Bulk Freight Index
116,BDRY,2025-02-27,6.17,PUBLIC_PROXY,Yahoo Finance / Breakwave Dry Bulk Freight Index
117,BDRY,2025-02-28,6.4,PUBLIC_PROXY,Yahoo Finance / Breakwave Dry Bulk Freight Index
118,BDRY,2025-03-03,6.15,PUBLIC_PROXY,Yahoo Finance / Breakwave Dry Bulk Freight Index
119,BDRY,2025-03-04,6.0,PUBLIC_PROXY,Yahoo Finance / Breakwave Dry Bulk Freight Index
120,BDRY,2025-03-05,6.29,PUBLIC_PROXY,Yahoo Finance / Breakwave Dry Bulk Freight Index
121,BDRY,2025-03-06,6.5,PUBLIC_PROXY,Yahoo Finance / Breakwave Dry Bulk Freight Index
122,BDRY,2025-03-07,6.57,PUBLIC_PROXY,Yahoo Finance / Breakwave Dry Bulk Freight Index
123,BDRY,2025-03-10,6.55,PUBLIC_PROXY,Yahoo Finance / Breakwave Dry Bulk Freight Index
124,BDRY,2025-03-11,6.68,PUBLIC_PROXY,Yahoo Finance / Breakwave Dry Bulk Freight Index
125,BDRY,2025-03-12,7.14,PUBLIC_PROXY,Yahoo Finance / Breakwave Dry Bulk Freight Index
126,BDRY,2025-03-13,6.85,PUBLIC_PROXY,Yahoo Finance / Breakwave Dry Bulk Freight Index
127,BDRY,2025-03-14,6.95,PUBLIC_PROXY,Yahoo Finance / Breakwave Dry Bulk Freight Index
128,BDRY,2025-03-17,6.86,PUBLIC_PROXY,Yahoo Finance / Breakwave Dry Bulk Freight Index
129,BDRY,2025-03-18,6.73,PUBLIC_PROXY,Yahoo Finance / Breakwave Dry Bulk Freight Index
130,BDRY,2025-03-19,6.5,PUBLIC_PROXY,Yahoo Finance / Breakwave Dry Bulk Freight Index
131,BDRY,2025-03-20,6.775,PUBLIC_PROXY,Yahoo Finance / Breakwave Dry Bulk Freight Index
132,BDRY,2025-03-21,6.91,PUBLIC_PROXY,Yahoo Finance / Breakwave Dry Bulk Freight Index
133,BDRY,2025-03-24,6.75,PUBLIC_PROXY,Yahoo Finance / Breakwave Dry Bulk Freight Index
134,BDRY,2025-03-25,6.51,PUBLIC_PROXY,Yahoo Finance / Breakwave Dry Bulk Freight Index
135,BDRY,2025-03-26,6.4,PUBLIC_PROXY,Yahoo Finance / Breakwave Dry Bulk Freight Index
136,BDRY,2025-03-27,6.35,PUBLIC_PROXY,Yahoo Finance / Breakwave Dry Bulk Freight Index
137,BDRY,2025-03-28,6.36,PUBLIC_PROXY,Yahoo Finance / Breakwave Dry Bulk Freight Index
138,BDRY,2025-03-31,6.25,PUBLIC_PROXY,Yahoo Finance / Breakwave Dry Bulk Freight Index
139,BDRY,2025-04-01,6.5,PUBLIC_PROXY,Yahoo Finance / Breakwave Dry Bulk Freight Index
140,BDRY,2025-04-02,6.37,PUBLIC_PROXY,Yahoo Finance / Breakwave Dry Bulk Freight Index
141,BDRY,2025-04-03,6.02,PUBLIC_PROXY,Yahoo Finance / Breakwave Dry Bulk Freight Index
142,BDRY,2025-04-04,5.62,PUBLIC_PROXY,Yahoo Finance / Breakwave Dry Bulk Freight Index
143,BDRY,2025-04-07,5.38,PUBLIC_PROXY,Yahoo Finance / Breakwave Dry Bulk Freight Index
144,BDRY,2025-04-08,5.36,PUBLIC_PROXY,Yahoo Finance / Breakwave Dry Bulk Freight Index
145,BDRY,2025-04-09,5.33,PUBLIC_PROXY,Yahoo Finance / Breakwave Dry Bulk Freight Index
146,BDRY,2025-04-10,5.6,PUBLIC_PROXY,Yahoo Finance / Breakwave Dry Bulk Freight Index
147,BDRY,2025-04-11,5.63,PUBLIC_PROXY,Yahoo Finance / Breakwave Dry Bulk Freight Index
148,BDRY,2025-04-14,5.75,PUBLIC_PROXY,Yahoo Finance / Breakwave Dry Bulk Freight Index
149,BDRY,2025-04-15,5.69,PUBLIC_PROXY,Yahoo Finance / Breakwave Dry Bulk Freight Index
150,BDRY,2025-04-16,5.72,PUBLIC_PROXY,Yahoo Finance / Breakwave Dry Bulk Freight Index
151,BDRY,2025-04-17,5.74,PUBLIC_PROXY,Yahoo Finance / Breakwave Dry Bulk Freight Index
152,BDRY,2025-04-21,5.73,PUBLIC_PROXY,Yahoo Finance / Breakwave Dry Bulk Freight Index
153,BDRY,2025-04-22,5.6,PUBLIC_PROXY,Yahoo Finance / Breakwave Dry Bulk Freight Index
154,BDRY,2025-04-23,5.88,PUBLIC_PROXY,Yahoo Finance / Breakwave Dry Bulk Freight Index
155,BDRY,2025-04-24,5.83,PUBLIC_PROXY,Yahoo Finance / Breakwave Dry Bulk Freight Index
156,BDRY,2025-04-25,5.92,PUBLIC_PROXY,Yahoo Finance / Breakwave Dry Bulk Freight Index
157,BDRY,2025-04-28,5.78,PUBLIC_PROXY,Yahoo Finance / Breakwave Dry Bulk Freight Index
158,BDRY,2025-04-29,5.57,PUBLIC_PROXY,Yahoo Finance / Breakwave Dry Bulk Freight Index
159,BDRY,2025-04-30,5.765,PUBLIC_PROXY,Yahoo Finance / Breakwave Dry Bulk Freight Index
160,BDRY,2025-05-01,5.95,PUBLIC_PROXY,Yahoo Finance / Breakwave Dry Bulk Freight Index
161,BDRY,2025-05-02,5.84,PUBLIC_PROXY,Yahoo Finance / Breakwave Dry Bulk Freight Index
162,BDRY,2025-05-05,5.914,PUBLIC_PROXY,Yahoo Finance / Breakwave Dry Bulk Freight Index
163,BDRY,2025-05-06,5.62,PUBLIC_PROXY,Yahoo Finance / Breakwave Dry Bulk Freight Index
164,BDRY,2025-05-07,5.62,PUBLIC_PROXY,Yahoo Finance / Breakwave Dry Bulk Freight Index
165,BDRY,2025-05-08,5.42,PUBLIC_PROXY,Yahoo Finance / Breakwave Dry Bulk Freight Index
166,BDRY,2025-05-09,5.43,PUBLIC_PROXY,Yahoo Finance / Breakwave Dry Bulk Freight Index
167,BDRY,2025-05-12,5.54,PUBLIC_PROXY,Yahoo Finance / Breakwave Dry Bulk Freight Index
168,BDRY,2025-05-13,5.3,PUBLIC_PROXY,Yahoo Finance / Breakwave Dry Bulk Freight Index
169,BDRY,2025-05-14,5.46,PUBLIC_PROXY,Yahoo Finance / Breakwave Dry Bulk Freight Index
170,BDRY,2025-05-15,5.55,PUBLIC_PROXY,Yahoo Finance / Breakwave Dry Bulk Freight Index
171,BDRY,2025-05-16,5.504,PUBLIC_PROXY,Yahoo Finance / Breakwave Dry Bulk Freight Index
172,BDRY,2025-05-19,5.31,PUBLIC_PROXY,Yahoo Finance / Breakwave Dry Bulk Freight Index
173,BDRY,2025-05-20,5.36,PUBLIC_PROXY,Yahoo Finance / Breakwave Dry Bulk Freight Index
174,BDRY,2025-05-21,5.34,PUBLIC_PROXY,Yahoo Finance / Breakwave Dry Bulk Freight Index
175,BDRY,2025-05-22,5.21,PUBLIC_PROXY,Yahoo Finance / Breakwave Dry Bulk Freight Index
176,BDRY,2025-05-23,5.15,PUBLIC_PROXY,Yahoo Finance / Breakwave Dry Bulk Freight Index
177,BDRY,2025-05-27,5.15,PUBLIC_PROXY,Yahoo Finance / Breakwave Dry Bulk Freight Index
178,BDRY,2025-05-28,5.167,PUBLIC_PROXY,Yahoo Finance / Breakwave Dry Bulk Freight Index
179,BDRY,2025-05-29,5.19,PUBLIC_PROXY,Yahoo Finance / Breakwave Dry Bulk Freight Index
180,BDRY,2025-05-30,5.19,PUBLIC_PROXY,Yahoo Finance / Breakwave Dry Bulk Freight Index
181,BDRY,2025-06-02,5.1,PUBLIC_PROXY,Yahoo Finance / Breakwave Dry Bulk Freight Index
182,BDRY,2025-06-03,5.2,PUBLIC_PROXY,Yahoo Finance / Breakwave Dry Bulk Freight Index
183,BDRY,2025-06-04,5.42,PUBLIC_PROXY,Yahoo Finance / Breakwave Dry Bulk Freight Index
184,BDRY,2025-06-05,5.49,PUBLIC_PROXY,Yahoo Finance / Breakwave Dry Bulk Freight Index
185,BDRY,2025-06-06,5.41,PUBLIC_PROXY,Yahoo Finance / Breakwave Dry Bulk Freight Index
186,BDRY,2025-06-09,5.372,PUBLIC_PROXY,Yahoo Finance / Breakwave Dry Bulk Freight Index
187,BDRY,2025-06-10,5.52,PUBLIC_PROXY,Yahoo Finance / Breakwave Dry Bulk Freight Index
188,BDRY,2025-06-11,5.65,PUBLIC_PROXY,Yahoo Finance / Breakwave Dry Bulk Freight Index
189,BDRY,2025-06-12,5.73,PUBLIC_PROXY,Yahoo Finance / Breakwave Dry Bulk Freight Index
190,BDRY,2025-06-13,5.87,PUBLIC_PROXY,Yahoo Finance / Breakwave Dry Bulk Freight Index
191,BDRY,2025-06-16,5.68,PUBLIC_PROXY,Yahoo Finance / Breakwave Dry Bulk Freight Index
192,BDRY,2025-06-17,5.63,PUBLIC_PROXY,Yahoo Finance / Breakwave Dry Bulk Freight Index
193,BDRY,2025-06-18,5.62,PUBLIC_PROXY,Yahoo Finance / Breakwave Dry Bulk Freight Index
194,BDRY,2025-06-20,5.73,PUBLIC_PROXY,Yahoo Finance / Breakwave Dry Bulk Freight Index
195,BDRY,2025-06-23,5.78,PUBLIC_PROXY,Yahoo Finance / Breakwave Dry Bulk Freight Index
196,BDRY,2025-06-24,5.735,PUBLIC_PROXY,Yahoo Finance / Breakwave Dry Bulk Freight Index
197,BDRY,2025-06-25,5.8,PUBLIC_PROXY,Yahoo Finance / Breakwave Dry Bulk Freight Index
198,BDRY,2025-06-26,5.66,PUBLIC_PROXY,Yahoo Finance / Breakwave Dry Bulk Freight Index
199,BDRY,2025-06-27,5.584,PUBLIC_PROXY,Yahoo Finance / Breakwave Dry Bulk Freight Index
200,BDRY,2025-06-30,5.55,PUBLIC_PROXY,Yahoo Finance / Breakwave Dry Bulk Freight Index
201,BDRY,2025-07-01,5.63,PUBLIC_PROXY,Yahoo Finance / Breakwave Dry Bulk Freight Index
202,BDRY,2025-07-02,5.77,PUBLIC_PROXY,Yahoo Finance / Breakwave Dry Bulk Freight Index
203,BDRY,2025-07-03,5.93,PUBLIC_PROXY,Yahoo Finance / Breakwave Dry Bulk Freight Index
204,BDRY,2025-07-07,6.07,PUBLIC_PROXY,Yahoo Finance / Breakwave Dry Bulk Freight Index
205,BDRY,2025-07-08,6.18,PUBLIC_PROXY,Yahoo Finance / Breakwave Dry Bulk Freight Index
206,BDRY,2025-07-09,6.25,PUBLIC_PROXY,Yahoo Finance / Breakwave Dry Bulk Freight Index
207,BDRY,2025-07-10,6.66,PUBLIC_PROXY,Yahoo Finance / Breakwave Dry Bulk Freight Index
208,BDRY,2025-07-11,7.09,PUBLIC_PROXY,Yahoo Finance / Breakwave Dry Bulk Freight Index
209,BDRY,2025-07-14,7.26,PUBLIC_PROXY,Yahoo Finance / Breakwave Dry Bulk Freight Index
210,BDRY,2025-07-15,6.78,PUBLIC_PROXY,Yahoo Finance / Breakwave Dry Bulk Freight Index
211,BDRY,2025-07-16,7.25,PUBLIC_PROXY,Yahoo Finance / Breakwave Dry Bulk Freight Index
212,BDRY,2025-07-17,7.61,PUBLIC_PROXY,Yahoo Finance / Breakwave Dry Bulk Freight Index
213,BDRY,2025-07-18,7.4,PUBLIC_PROXY,Yahoo Finance / Breakwave Dry Bulk Freight Index
214,BDRY,2025-07-21,7.35,PUBLIC_PROXY,Yahoo Finance / Breakwave Dry Bulk Freight Index
215,BDRY,2025-07-22,7.67,PUBLIC_PROXY,Yahoo Finance / Breakwave Dry Bulk Freight Index
216,BDRY,2025-07-23,7.52,PUBLIC_PROXY,Yahoo Finance / Breakwave Dry Bulk Freight Index
217,BDRY,2025-07-24,7.42,PUBLIC_PROXY,Yahoo Finance / Breakwave Dry Bulk Freight Index
218,BDRY,2025-07-25,7.15,PUBLIC_PROXY,Yahoo Finance / Breakwave Dry Bulk Freight Index
219,BDRY,2025-07-28,7.246,PUBLIC_PROXY,Yahoo Finance / Breakwave Dry Bulk Freight Index
220,BDRY,2025-07-29,6.94,PUBLIC_PROXY,Yahoo Finance / Breakwave Dry Bulk Freight Index
221,BDRY,2025-07-30,7.02,PUBLIC_PROXY,Yahoo Finance / Breakwave Dry Bulk Freight Index
222,BDRY,2025-07-31,7.4,PUBLIC_PROXY,Yahoo Finance / Breakwave Dry Bulk Freight Index
223,BDRY,2025-08-01,7.46,PUBLIC_PROXY,Yahoo Finance / Breakwave Dry Bulk Freight Index
224,BDRY,2025-08-04,7.31,PUBLIC_PROXY,Yahoo Finance / Breakwave Dry Bulk Freight Index
225,BDRY,2025-08-05,7.77,PUBLIC_PROXY,Yahoo Finance / Breakwave Dry Bulk Freight Index
226,BDRY,2025-08-06,7.73,PUBLIC_PROXY,Yahoo Finance / Breakwave Dry Bulk Freight Index
227,BDRY,2025-08-07,7.75,PUBLIC_PROXY,Yahoo Finance / Breakwave Dry Bulk Freight Index
228,BDRY,2025-08-08,7.8,PUBLIC_PROXY,Yahoo Finance / Breakwave Dry Bulk Freight Index
229,BDRY,2025-08-11,7.9,PUBLIC_PROXY,Yahoo Finance / Breakwave Dry Bulk Freight Index
230,BDRY,2025-08-12,8.02,PUBLIC_PROXY,Yahoo Finance / Breakwave Dry Bulk Freight Index
231,BDRY,2025-08-13,8.167,PUBLIC_PROXY,Yahoo Finance / Breakwave Dry Bulk Freight Index
232,BDRY,2025-08-14,8.13,PUBLIC_PROXY,Yahoo Finance / Breakwave Dry Bulk Freight Index
233,BDRY,2025-08-15,8.02,PUBLIC_PROXY,Yahoo Finance / Breakwave Dry Bulk Freight Index
234,BDRY,2025-08-18,8.08,PUBLIC_PROXY,Yahoo Finance / Breakwave Dry Bulk Freight Index
235,BDRY,2025-08-19,7.773,PUBLIC_PROXY,Yahoo Finance / Breakwave Dry Bulk Freight Index
236,BDRY,2025-08-20,8.04,PUBLIC_PROXY,Yahoo Finance / Breakwave Dry Bulk Freight Index
237,BDRY,2025-08-21,8.16,PUBLIC_PROXY,Yahoo Finance / Breakwave Dry Bulk Freight Index
238,BDRY,2025-08-22,8.41,PUBLIC_PROXY,Yahoo Finance / Breakwave Dry Bulk Freight Index
239,BDRY,2025-08-25,8.5,PUBLIC_PROXY,Yahoo Finance / Breakwave Dry Bulk Freight Index
240,BDRY,2025-08-26,8.6,PUBLIC_PROXY,Yahoo Finance / Breakwave Dry Bulk Freight Index
241,BDRY,2025-08-27,8.3,PUBLIC_PROXY,Yahoo Finance / Breakwave Dry Bulk Freight Index
242,BDRY,2025-08-28,8.35,PUBLIC_PROXY,Yahoo Finance / Breakwave Dry Bulk Freight Index
243,BDRY,2025-08-29,8.37,PUBLIC_PROXY,Yahoo Finance / Breakwave Dry Bulk Freight Index
244,BDRY,2025-09-02,8.02,PUBLIC_PROXY,Yahoo Finance / Breakwave Dry Bulk Freight Index
245,BDRY,2025-09-03,8.14,PUBLIC_PROXY,Yahoo Finance / Breakwave Dry Bulk Freight Index
246,BDRY,2025-09-04,8.063,PUBLIC_PROXY,Yahoo Finance / Breakwave Dry Bulk Freight Index
247,BDRY,2025-09-05,8.04,PUBLIC_PROXY,Yahoo Finance / Breakwave Dry Bulk Freight Index
248,BDRY,2025-09-08,8.15,PUBLIC_PROXY,Yahoo Finance / Breakwave Dry Bulk Freight Index
249,BDRY,2025-09-09,8.39,PUBLIC_PROXY,Yahoo Finance / Breakwave Dry Bulk Freight Index
250,BDRY,2025-09-10,8.22,PUBLIC_PROXY,Yahoo Finance / Breakwave Dry Bulk Freight Index
251,BDRY,2025-09-11,8.115,PUBLIC_PROXY,Yahoo Finance / Breakwave Dry Bulk Freight Index
252,BDRY,2025-09-12,8.1,PUBLIC_PROXY,Yahoo Finance / Breakwave Dry Bulk Freight Index
253,BDRY,2025-09-15,8.21,PUBLIC_PROXY,Yahoo Finance / Breakwave Dry Bulk Freight Index
254,BDRY,2025-09-16,8.04,PUBLIC_PROXY,Yahoo Finance / Breakwave Dry Bulk Freight Index
255,BDRY,2025-09-17,8.14,PUBLIC_PROXY,Yahoo Finance / Breakwave Dry Bulk Freight Index
256,BDRY,2025-09-18,8.2,PUBLIC_PROXY,Yahoo Finance / Breakwave Dry Bulk Freight Index
257,BDRY,2025-09-19,8.16,PUBLIC_PROXY,Yahoo Finance / Breakwave Dry Bulk Freight Index
258,BDRY,2025-09-22,8.06,PUBLIC_PROXY,Yahoo Finance / Breakwave Dry Bulk Freight Index
259,BDRY,2025-09-23,8.25,PUBLIC_PROXY,Yahoo Finance / Breakwave Dry Bulk Freight Index
260,BDRY,2025-09-24,8.38,PUBLIC_PROXY,Yahoo Finance / Breakwave Dry Bulk Freight Index
261,BDRY,2025-09-25,8.2,PUBLIC_PROXY,Yahoo Finance / Breakwave Dry Bulk Freight Index
262,BDRY,2025-09-26,8.05,PUBLIC_PROXY,Yahoo Finance / Breakwave Dry Bulk Freight Index
263,BDRY,2025-09-29,7.77,PUBLIC_PROXY,Yahoo Finance / Breakwave Dry Bulk Freight Index
264,BDRY,2025-09-30,7.51,PUBLIC_PROXY,Yahoo Finance / Breakwave Dry Bulk Freight Index
265,BDRY,2025-10-01,7.58,PUBLIC_PROXY,Yahoo Finance / Breakwave Dry Bulk Freight Index
266,BDRY,2025-10-02,7.78,PUBLIC_PROXY,Yahoo Finance / Breakwave Dry Bulk Freight Index
267,BDRY,2025-10-03,7.72,PUBLIC_PROXY,Yahoo Finance / Breakwave Dry Bulk Freight Index
268,BDRY,2025-10-06,7.866,PUBLIC_PROXY,Yahoo Finance / Breakwave Dry Bulk Freight Index
269,BDRY,2025-10-07,8.0,PUBLIC_PROXY,Yahoo Finance / Breakwave Dry Bulk Freight Index
270,BDRY,2025-10-08,7.6,PUBLIC_PROXY,Yahoo Finance / Breakwave Dry Bulk Freight Index
271,BDRY,2025-10-09,7.7,PUBLIC_PROXY,Yahoo Finance / Breakwave Dry Bulk Freight Index
272,BDRY,2025-10-10,8.18,PUBLIC_PROXY,Yahoo Finance / Breakwave Dry Bulk Freight Index
273,BDRY,2025-10-13,8.64,PUBLIC_PROXY,Yahoo Finance / Breakwave Dry Bulk Freight Index
274,BDRY,2025-10-14,8.2,PUBLIC_PROXY,Yahoo Finance / Breakwave Dry Bulk Freight Index
275,BDRY,2025-10-15,8.52,PUBLIC_PROXY,Yahoo Finance / Breakwave Dry Bulk Freight Index
276,BDRY,2025-10-16,8.33,PUBLIC_PROXY,Yahoo Finance / Breakwave Dry Bulk Freight Index
277,BDRY,2025-10-17,8.16,PUBLIC_PROXY,Yahoo Finance / Breakwave Dry Bulk Freight Index
278,BDRY,2025-10-20,8.24,PUBLIC_PROXY,Yahoo Finance / Breakwave Dry Bulk Freight Index
279,BDRY,2025-10-21,8.38,PUBLIC_PROXY,Yahoo Finance / Breakwave Dry Bulk Freight Index
280,BDRY,2025-10-22,8.23,PUBLIC_PROXY,Yahoo Finance / Breakwave Dry Bulk Freight Index
281,BDRY,2025-10-23,7.82,PUBLIC_PROXY,Yahoo Finance / Breakwave Dry Bulk Freight Index
282,BDRY,2025-10-24,7.85,PUBLIC_PROXY,Yahoo Finance / Breakwave Dry Bulk Freight Index
283,BDRY,2025-10-27,7.97,PUBLIC_PROXY,Yahoo Finance / Breakwave Dry Bulk Freight Index
284,BDRY,2025-10-28,7.953,PUBLIC_PROXY,Yahoo Finance / Breakwave Dry Bulk Freight Index
285,BDRY,2025-10-29,8.2,PUBLIC_PROXY,Yahoo Finance / Breakwave Dry Bulk Freight Index
286,BDRY,2025-10-30,8.25,PUBLIC_PROXY,Yahoo Finance / Breakwave Dry Bulk Freight Index
287,BDRY,2025-10-31,8.1,PUBLIC_PROXY,Yahoo Finance / Breakwave Dry Bulk Freight Index
288,BDRY,2025-11-03,7.92,PUBLIC_PROXY,Yahoo Finance / Breakwave Dry Bulk Freight Index
289,BDRY,2025-11-04,8.18,PUBLIC_PROXY,Yahoo Finance / Breakwave Dry Bulk Freight Index
290,BDRY,2025-11-05,8.3,PUBLIC_PROXY,Yahoo Finance / Breakwave Dry Bulk Freight Index
291,BDRY,2025-11-06,8.5,PUBLIC_PROXY,Yahoo Finance / Breakwave Dry Bulk Freight Index
292,BDRY,2025-11-07,8.35,PUBLIC_PROXY,Yahoo Finance / Breakwave Dry Bulk Freight Index
293,BDRY,2025-11-10,8.37,PUBLIC_PROXY,Yahoo Finance / Breakwave Dry Bulk Freight Index
294,BDRY,2025-11-11,8.42,PUBLIC_PROXY,Yahoo Finance / Breakwave Dry Bulk Freight Index
295,BDRY,2025-11-12,8.48,PUBLIC_PROXY,Yahoo Finance / Breakwave Dry Bulk Freight Index
296,BDRY,2025-11-13,8.7,PUBLIC_PROXY,Yahoo Finance / Breakwave Dry Bulk Freight Index
297,BDRY,2025-11-14,8.6,PUBLIC_PROXY,Yahoo Finance / Breakwave Dry Bulk Freight Index
298,BDRY,2025-11-17,8.8,PUBLIC_PROXY,Yahoo Finance / Breakwave Dry Bulk Freight Index
299,BDRY,2025-11-18,8.99,PUBLIC_PROXY,Yahoo Finance / Breakwave Dry Bulk Freight Index
300,BDRY,2025-11-19,8.9,PUBLIC_PROXY,Yahoo Finance / Breakwave Dry Bulk Freight Index
301,BDRY,2025-11-20,8.92,PUBLIC_PROXY,Yahoo Finance / Breakwave Dry Bulk Freight Index
302,BDRY,2025-11-21,8.95,PUBLIC_PROXY,Yahoo Finance / Breakwave Dry Bulk Freight Index
303,BDRY,2025-11-24,9.19,PUBLIC_PROXY,Yahoo Finance / Breakwave Dry Bulk Freight Index
304,BDRY,2025-11-25,9.23,PUBLIC_PROXY,Yahoo Finance / Breakwave Dry Bulk Freight Index
305,BDRY,2025-11-26,9.2,PUBLIC_PROXY,Yahoo Finance / Breakwave Dry Bulk Freight Index
306,BDRY,2025-11-28,8.77,PUBLIC_PROXY,Yahoo Finance / Breakwave Dry Bulk Freight Index
307,BDRY,2025-12-01,9.34,PUBLIC_PROXY,Yahoo Finance / Breakwave Dry Bulk Freight Index
308,BDRY,2025-12-02,9.25,PUBLIC_PROXY,Yahoo Finance / Breakwave Dry Bulk Freight Index
309,BDRY,2025-12-03,9.3,PUBLIC_PROXY,Yahoo Finance / Breakwave Dry Bulk Freight Index
310,BDRY,2025-12-04,9.27,PUBLIC_PROXY,Yahoo Finance / Breakwave Dry Bulk Freight Index
311,BDRY,2025-12-05,9.0,PUBLIC_PROXY,Yahoo Finance / Breakwave Dry Bulk Freight Index
312,BDRY,2025-12-08,9.25,PUBLIC_PROXY,Yahoo Finance / Breakwave Dry Bulk Freight Index
313,BDRY,2025-12-09,8.83,PUBLIC_PROXY,Yahoo Finance / Breakwave Dry Bulk Freight Index
314,BDRY,2025-12-10,9.013,PUBLIC_PROXY,Yahoo Finance / Breakwave Dry Bulk Freight Index
315,BDRY,2025-12-11,8.84,PUBLIC_PROXY,Yahoo Finance / Breakwave Dry Bulk Freight Index
316,BDRY,2025-12-12,8.68,PUBLIC_PROXY,Yahoo Finance / Breakwave Dry Bulk Freight Index
317,BDRY,2025-12-15,8.92,PUBLIC_PROXY,Yahoo Finance / Breakwave Dry Bulk Freight Index
318,BDRY,2025-12-16,8.77,PUBLIC_PROXY,Yahoo Finance / Breakwave Dry Bulk Freight Index
319,BDRY,2025-12-17,8.42,PUBLIC_PROXY,Yahoo Finance / Breakwave Dry Bulk Freight Index
320,BDRY,2025-12-18,8.656,PUBLIC_PROXY,Yahoo Finance / Breakwave Dry Bulk Freight Index
321,BDRY,2025-12-19,8.7,PUBLIC_PROXY,Yahoo Finance / Breakwave Dry Bulk Freight Index
322,BDRY,2025-12-22,8.88,PUBLIC_PROXY,Yahoo Finance / Breakwave Dry Bulk Freight Index
323,BDRY,2025-12-23,8.74,PUBLIC_PROXY,Yahoo Finance / Breakwave Dry Bulk Freight Index
324,BDRY,2025-12-24,8.77,PUBLIC_PROXY,Yahoo Finance / Breakwave Dry Bulk Freight Index
325,BDRY,2025-12-26,8.75,PUBLIC_PROXY,Yahoo Finance / Breakwave Dry Bulk Freight Index
326,BDRY,2025-12-29,8.74,PUBLIC_PROXY,Yahoo Finance / Breakwave Dry Bulk Freight Index
327,BDRY,2025-12-30,8.68,PUBLIC_PROXY,Yahoo Finance / Breakwave Dry Bulk Freight Index
328,BDRY,2025-12-31,8.77,PUBLIC_PROXY,Yahoo Finance / Breakwave Dry Bulk Freight Index
329,BDRY,2026-01-02,8.46,PUBLIC_PROXY,Yahoo Finance / Breakwave Dry Bulk Freight Index
330,BDRY,2026-01-05,8.72,PUBLIC_PROXY,Yahoo Finance / Breakwave Dry Bulk Freight Index
331,BDRY,2026-01-06,8.81,PUBLIC_PROXY,Yahoo Finance / Breakwave Dry Bulk Freight Index
332,BDRY,2026-01-07,8.79,PUBLIC_PROXY,Yahoo Finance / Breakwave Dry Bulk Freight Index
333,BDRY,2026-01-08,9.14,PUBLIC_PROXY,Yahoo Finance / Breakwave Dry Bulk Freight Index
334,BDRY,2026-01-09,8.85,PUBLIC_PROXY,Yahoo Finance / Breakwave Dry Bulk Freight Index
335,BDRY,2026-01-12,8.73,PUBLIC_PROXY,Yahoo Finance / Breakwave Dry Bulk Freight Index
336,BDRY,2026-01-13,8.721,PUBLIC_PROXY,Yahoo Finance / Breakwave Dry Bulk Freight Index
337,BDRY,2026-01-14,9.04,PUBLIC_PROXY,Yahoo Finance / Breakwave Dry Bulk Freight Index
338,BDRY,2026-01-15,9.48,PUBLIC_PROXY,Yahoo Finance / Breakwave Dry Bulk Freight Index
339,BDRY,2026-01-16,9.8,PUBLIC_PROXY,Yahoo Finance / Breakwave Dry Bulk Freight Index
340,BDRY,2026-01-20,10.24,PUBLIC_PROXY,Yahoo Finance / Breakwave Dry Bulk Freight Index
341,BDRY,2026-01-21,10.07,PUBLIC_PROXY,Yahoo Finance / Breakwave Dry Bulk Freight Index
342,BDRY,2026-01-22,10.0,PUBLIC_PROXY,Yahoo Finance / Breakwave Dry Bulk Freight Index
343,BDRY,2026-01-23,10.36,PUBLIC_PROXY,Yahoo Finance / Breakwave Dry Bulk Freight Index
344,BDRY,2026-01-26,10.98,PUBLIC_PROXY,Yahoo Finance / Breakwave Dry Bulk Freight Index
345,BDRY,2026-01-27,11.26,PUBLIC_PROXY,Yahoo Finance / Breakwave Dry Bulk Freight Index
346,BDRY,2026-01-28,11.01,PUBLIC_PROXY,Yahoo Finance / Breakwave Dry Bulk Freight Index
347,BDRY,2026-01-29,11.48,PUBLIC_PROXY,Yahoo Finance / Breakwave Dry Bulk Freight Index
348,BDRY,2026-01-30,11.53,PUBLIC_PROXY,Yahoo Finance / Breakwave Dry Bulk Freight Index
349,BDRY,2026-02-02,11.2,PUBLIC_PROXY,Yahoo Finance / Breakwave Dry Bulk Freight Index
350,BDRY,2026-02-03,10.55,PUBLIC_PROXY,Yahoo Finance / Breakwave Dry Bulk Freight Index
351,BDRY,2026-02-04,10.85,PUBLIC_PROXY,Yahoo Finance / Breakwave Dry Bulk Freight Index
352,BDRY,2026-02-05,10.71,PUBLIC_PROXY,Yahoo Finance / Breakwave Dry Bulk Freight Index
353,BDRY,2026-02-06,10.65,PUBLIC_PROXY,Yahoo Finance / Breakwave Dry Bulk Freight Index
354,BDRY,2026-02-09,10.95,PUBLIC_PROXY,Yahoo Finance / Breakwave Dry Bulk Freight Index
355,BDRY,2026-02-10,11.18,PUBLIC_PROXY,Yahoo Finance / Breakwave Dry Bulk Freight Index
356,BDRY,2026-02-11,11.44,PUBLIC_PROXY,Yahoo Finance / Breakwave Dry Bulk Freight Index
357,BDRY,2026-02-12,11.3,PUBLIC_PROXY,Yahoo Finance / Breakwave Dry Bulk Freight Index
358,BDRY,2026-02-13,11.49,PUBLIC_PROXY,Yahoo Finance / Breakwave Dry Bulk Freight Index
359,BDRY,2026-02-17,11.68,PUBLIC_PROXY,Yahoo Finance / Breakwave Dry Bulk Freight Index
360,BDRY,2026-02-18,11.76,PUBLIC_PROXY,Yahoo Finance / Breakwave Dry Bulk Freight Index
361,BDRY,2026-02-19,11.66,PUBLIC_PROXY,Yahoo Finance / Breakwave Dry Bulk Freight Index
362,BDRY,2026-02-20,11.73,PUBLIC_PROXY,Yahoo Finance / Breakwave Dry Bulk Freight Index
363,BDRY,2026-02-23,11.77,PUBLIC_PROXY,Yahoo Finance / Breakwave Dry Bulk Freight Index
364,BDRY,2026-02-24,11.87,PUBLIC_PROXY,Yahoo Finance / Breakwave Dry Bulk Freight Index
365,BDRY,2026-02-25,11.68,PUBLIC_PROXY,Yahoo Finance / Breakwave Dry Bulk Freight Index
366,BDRY,2026-02-26,11.91,PUBLIC_PROXY,Yahoo Finance / Breakwave Dry Bulk Freight Index
367,BDRY,2026-02-27,12.07,PUBLIC_PROXY,Yahoo Finance / Breakwave Dry Bulk Freight Index
368,BDRY,2026-03-02,12.22,PUBLIC_PROXY,Yahoo Finance / Breakwave Dry Bulk Freight Index
369,BDRY,2026-03-03,12.5,PUBLIC_PROXY,Yahoo Finance / Breakwave Dry Bulk Freight Index
370,BDRY,2026-03-04,11.91,PUBLIC_PROXY,Yahoo Finance / Breakwave Dry Bulk Freight Index
371,BDRY,2026-03-05,11.52,PUBLIC_PROXY,Yahoo Finance / Breakwave Dry Bulk Freight Index
372,BDRY,2026-03-06,10.46,PUBLIC_PROXY,Yahoo Finance / Breakwave Dry Bulk Freight Index
373,BDRY,2026-03-09,10.26,PUBLIC_PROXY,Yahoo Finance / Breakwave Dry Bulk Freight Index
374,BDRY,2026-03-10,10.23,PUBLIC_PROXY,Yahoo Finance / Breakwave Dry Bulk Freight Index
375,BDRY,2026-03-11,10.7,PUBLIC_PROXY,Yahoo Finance / Breakwave Dry Bulk Freight Index
376,BDRY,2026-03-12,10.4,PUBLIC_PROXY,Yahoo Finance / Breakwave Dry Bulk Freight Index
377,BDRY,2026-03-13,10.49,PUBLIC_PROXY,Yahoo Finance / Breakwave Dry Bulk Freight Index
378,BDRY,2026-03-16,10.67,PUBLIC_PROXY,Yahoo Finance / Breakwave Dry Bulk Freight Index
379,BDRY,2026-03-17,10.43,PUBLIC_PROXY,Yahoo Finance / Breakwave Dry Bulk Freight Index
380,BDRY,2026-03-18,10.7,PUBLIC_PROXY,Yahoo Finance / Breakwave Dry Bulk Freight Index
381,BDRY,2026-03-19,10.02,PUBLIC_PROXY,Yahoo Finance / Breakwave Dry Bulk Freight Index
382,BDRY,2026-03-20,10.01,PUBLIC_PROXY,Yahoo Finance / Breakwave Dry Bulk Freight Index
383,BDRY,2026-03-23,9.99,PUBLIC_PROXY,Yahoo Finance / Breakwave Dry Bulk Freight Index
384,BDRY,2026-03-24,9.8,PUBLIC_PROXY,Yahoo Finance / Breakwave Dry Bulk Freight Index
385,BDRY,2026-03-25,10.0,PUBLIC_PROXY,Yahoo Finance / Breakwave Dry Bulk Freight Index
386,BDRY,2026-03-26,10.0,PUBLIC_PROXY,Yahoo Finance / Breakwave Dry Bulk Freight Index
387,BDRY,2026-03-27,9.93,PUBLIC_PROXY,Yahoo Finance / Breakwave Dry Bulk Freight Index
388,BDRY,2026-03-30,9.94,PUBLIC_PROXY,Yahoo Finance / Breakwave Dry Bulk Freight Index
389,BDRY,2026-03-31,9.97,PUBLIC_PROXY,Yahoo Finance / Breakwave Dry Bulk Freight Index
390,BDRY,2026-04-01,10.325,PUBLIC_PROXY,Yahoo Finance / Breakwave Dry Bulk Freight Index
391,BDRY,2026-04-02,10.45,PUBLIC_PROXY,Yahoo Finance / Breakwave Dry Bulk Freight Index
392,BDRY,2026-04-06,9.94,PUBLIC_PROXY,Yahoo Finance / Breakwave Dry Bulk Freight Index
393,BDRY,2026-04-07,10.44,PUBLIC_PROXY,Yahoo Finance / Breakwave Dry Bulk Freight Index
394,BDRY,2026-04-08,10.6,PUBLIC_PROXY,Yahoo Finance / Breakwave Dry Bulk Freight Index
395,BDRY,2026-04-09,10.3,PUBLIC_PROXY,Yahoo Finance / Breakwave Dry Bulk Freight Index
396,BDRY,2026-04-10,10.7,PUBLIC_PROXY,Yahoo Finance / Breakwave Dry Bulk Freight Index
397,BDRY,2026-04-13,11.06,PUBLIC_PROXY,Yahoo Finance / Breakwave Dry Bulk Freight Index
398,BDRY,2026-04-14,11.42,PUBLIC_PROXY,Yahoo Finance / Breakwave Dry Bulk Freight Index
399,BDRY,2026-04-15,11.4,PUBLIC_PROXY,Yahoo Finance / Breakwave Dry Bulk Freight Index
400,BDRY,2026-04-16,11.13,PUBLIC_PROXY,Yahoo Finance / Breakwave Dry Bulk Freight Index
401,BDRY,2026-04-17,11.44,PUBLIC_PROXY,Yahoo Finance / Breakwave Dry Bulk Freight Index
402,BDRY,2026-04-20,11.304,PUBLIC_PROXY,Yahoo Finance / Breakwave Dry Bulk Freight Index
403,BDRY,2026-04-21,11.35,PUBLIC_PROXY,Yahoo Finance / Breakwave Dry Bulk Freight Index
404,BDRY,2026-04-22,11.4,PUBLIC_PROXY,Yahoo Finance / Breakwave Dry Bulk Freight Index
405,BDRY,2026-04-23,11.34,PUBLIC_PROXY,Yahoo Finance / Breakwave Dry Bulk Freight Index
406,BDRY,2026-04-24,10.9,PUBLIC_PROXY,Yahoo Finance / Breakwave Dry Bulk Freight Index
407,BDRY,2026-04-27,11.27,PUBLIC_PROXY,Yahoo Finance / Breakwave Dry Bulk Freight Index
408,BDRY,2026-04-28,11.45,PUBLIC_PROXY,Yahoo Finance / Breakwave Dry Bulk Freight Index
409,BDRY,2026-04-29,11.85,PUBLIC_PROXY,Yahoo Finance / Breakwave Dry Bulk Freight Index
410,BDRY,2026-04-30,11.72,PUBLIC_PROXY,Yahoo Finance / Breakwave Dry Bulk Freight Index
411,BDRY,2026-05-01,11.73,PUBLIC_PROXY,Yahoo Finance / Breakwave Dry Bulk Freight Index
412,BDRY,2026-05-04,11.79,PUBLIC_PROXY,Yahoo Finance / Breakwave Dry Bulk Freight Index
413,BDRY,2026-05-05,12.18,PUBLIC_PROXY,Yahoo Finance / Breakwave Dry Bulk Freight Index
414,BDRY,2026-05-06,12.11,PUBLIC_PROXY,Yahoo Finance / Breakwave Dry Bulk Freight Index
415,BDRY,2026-05-07,12.1,PUBLIC_PROXY,Yahoo Finance / Breakwave Dry Bulk Freight Index
416,BDRY,2026-05-08,12.106,PUBLIC_PROXY,Yahoo Finance / Breakwave Dry Bulk Freight Index
417,BDRY,2026-05-11,12.65,PUBLIC_PROXY,Yahoo Finance / Breakwave Dry Bulk Freight Index
418,BDRY,2026-05-12,13.29,PUBLIC_PROXY,Yahoo Finance / Breakwave Dry Bulk Freight Index
419,BDRY,2026-05-13,13.33,PUBLIC_PROXY,Yahoo Finance / Breakwave Dry Bulk Freight Index
420,BDRY,2026-05-14,12.95,PUBLIC_PROXY,Yahoo Finance / Breakwave Dry Bulk Freight Index
421,BDRY,2026-05-15,13.18,PUBLIC_PROXY,Yahoo Finance / Breakwave Dry Bulk Freight Index
422,BDRY,2026-05-18,12.85,PUBLIC_PROXY,Yahoo Finance / Breakwave Dry Bulk Freight Index
423,BDRY,2026-05-19,12.65,PUBLIC_PROXY,Yahoo Finance / Breakwave Dry Bulk Freight Index
424,BDRY,2026-05-20,12.11,PUBLIC_PROXY,Yahoo Finance / Breakwave Dry Bulk Freight Index
425,BDRY,2026-05-21,12.5,PUBLIC_PROXY,Yahoo Finance / Breakwave Dry Bulk Freight Index
426,BDRY,2026-05-22,12.675,PUBLIC_PROXY,Yahoo Finance / Breakwave Dry Bulk Freight Index
427,BDRY,2026-05-26,12.88,PUBLIC_PROXY,Yahoo Finance / Breakwave Dry Bulk Freight Index
428,BDRY,2026-05-27,12.875,PUBLIC_PROXY,Yahoo Finance / Breakwave Dry Bulk Freight Index
429,BDRY,2026-05-28,13.15,PUBLIC_PROXY,Yahoo Finance / Breakwave Dry Bulk Freight Index
430,BDRY,2026-05-29,12.94,PUBLIC_PROXY,Yahoo Finance / Breakwave Dry Bulk Freight Index
431,BDRY,2026-06-01,13.035,PUBLIC_PROXY,Yahoo Finance / Breakwave Dry Bulk Freight Index
432,BDRY,2026-06-02,12.94,PUBLIC_PROXY,Yahoo Finance / Breakwave Dry Bulk Freight Index
433,BDRY,2026-06-03,12.62,PUBLIC_PROXY,Yahoo Finance / Breakwave Dry Bulk Freight Index
434,BDRY,2026-06-04,12.66,PUBLIC_PROXY,Yahoo Finance / Breakwave Dry Bulk Freight Index
435,BDRY,2026-06-05,12.7,PUBLIC_PROXY,Yahoo Finance / Breakwave Dry Bulk Freight Index
436,BDRY,2026-06-08,12.37,PUBLIC_PROXY,Yahoo Finance / Breakwave Dry Bulk Freight Index
437,BDRY,2026-06-09,12.37,PUBLIC_PROXY,Yahoo Finance / Breakwave Dry Bulk Freight Index
438,BDRY,2026-06-10,12.5,PUBLIC_PROXY,Yahoo Finance / Breakwave Dry Bulk Freight Index
439,BDRY,2026-06-11,12.52,PUBLIC_PROXY,Yahoo Finance / Breakwave Dry Bulk Freight Index
440,BDRY,2026-06-12,12.32,PUBLIC_PROXY,Yahoo Finance / Breakwave Dry Bulk Freight Index
441,BDRY,2026-06-15,11.99,PUBLIC_PROXY,Yahoo Finance / Breakwave Dry Bulk Freight Index
442,BDRY,2026-06-16,12.13,PUBLIC_PROXY,Yahoo Finance / Breakwave Dry Bulk Freight Index
443,BDRY,2026-06-17,11.88,PUBLIC_PROXY,Yahoo Finance / Breakwave Dry Bulk Freight Index
444,BDRY,2026-06-18,11.57,PUBLIC_PROXY,Yahoo Finance / Breakwave Dry Bulk Freight Index
445,BDRY,2026-06-22,11.58,PUBLIC_PROXY,Yahoo Finance / Breakwave Dry Bulk Freight Index
446,BDRY,2026-06-23,11.77,PUBLIC_PROXY,Yahoo Finance / Breakwave Dry Bulk Freight Index
447,BDRY,2026-06-24,11.7,PUBLIC_PROXY,Yahoo Finance / Breakwave Dry Bulk Freight Index
448,BDRY,2026-06-25,11.4,PUBLIC_PROXY,Yahoo Finance / Breakwave Dry Bulk Freight Index
449,BDRY,2026-06-26,11.27,PUBLIC_PROXY,Yahoo Finance / Breakwave Dry Bulk Freight Index
450,BDRY,2026-06-29,11.63,PUBLIC_PROXY,Yahoo Finance / Breakwave Dry Bulk Freight Index
451,BDRY,2026-06-30,11.87,PUBLIC_PROXY,Yahoo Finance / Breakwave Dry Bulk Freight Index
452,BDRY,2026-07-01,12.052,PUBLIC_PROXY,Yahoo Finance / Breakwave Dry Bulk Freight Index
453,BDRY,2026-07-02,12.27,PUBLIC_PROXY,Yahoo Finance / Breakwave Dry Bulk Freight Index
454,BDRY,2026-07-06,12.96,PUBLIC_PROXY,Yahoo Finance / Breakwave Dry Bulk Freight Index
455,BDRY,2026-07-07,12.76,PUBLIC_PROXY,Yahoo Finance / Breakwave Dry Bulk Freight Index
456,BDRY,2026-07-08,12.835,PUBLIC_PROXY,Yahoo Finance / Breakwave Dry Bulk Freight Index
457,BDRY,2026-07-09,12.95,PUBLIC_PROXY,Yahoo Finance / Breakwave Dry Bulk Freight Index
458,BDRY,2026-07-10,12.89,PUBLIC_PROXY,Yahoo Finance / Breakwave Dry Bulk Freight Index
459,BDRY,2026-07-13,13.33,PUBLIC_PROXY,Yahoo Finance / Breakwave Dry Bulk Freight Index
460,BDRY,2026-07-14,13.1,PUBLIC_PROXY,Yahoo Finance / Breakwave Dry Bulk Freight Index
461,BDRY,2026-07-15,12.84,PUBLIC_PROXY,Yahoo Finance / Breakwave Dry Bulk Freight Index
462,BDRY,2026-07-16,12.65,PUBLIC_PROXY,Yahoo Finance / Breakwave Dry Bulk Freight Index
463,BDRY,2026-07-17,12.66,PUBLIC_PROXY,Yahoo Finance / Breakwave Dry Bulk Freight Index
464,BDRY,2026-07-20,12.19,PUBLIC_PROXY,Yahoo Finance / Breakwave Dry Bulk Freight Index
465,BDRY,2026-07-21,12.62,PUBLIC_PROXY,Yahoo Finance / Breakwave Dry Bulk Freight Index
466,BDRY,2026-07-22,12.51,PUBLIC_PROXY,Yahoo Finance / Breakwave Dry Bulk Freight Index
467,BDRY,2026-07-23,12.68,PUBLIC_PROXY,Yahoo Finance / Breakwave Dry Bulk Freight Index
468,BDRY,2026-07-24,12.57,PUBLIC_PROXY,Yahoo Finance / Breakwave Dry Bulk Freight Index
469,BDRY,2026-07-27,12.38,PUBLIC_PROXY,Yahoo Finance / Breakwave Dry Bulk Freight Index
470,BDRY,2026-07-28,12.61,PUBLIC_PROXY,Yahoo Finance / Breakwave Dry Bulk Freight Index
471,BDRY,2026-07-29,12.78,PUBLIC_PROXY,Yahoo Finance / Breakwave Dry Bulk Freight Index
472,BDRY,2026-07-30,13.36,PUBLIC_PROXY,Yahoo Finance / Breakwave Dry Bulk Freight Index
473,BDRY,2026-07-31,13.42,PUBLIC_PROXY,Yahoo Finance / Breakwave Dry Bulk Freight Index
474,BDRY,2026-08-03,13.95,PUBLIC_PROXY,Yahoo Finance / Breakwave Dry Bulk Freight Index
475,BDRY,2026-08-04,13.91,PUBLIC_PROXY,Yahoo Finance / Breakwave Dry Bulk Freight Index
476,BDRY,2026-08-05,13.97,PUBLIC_PROXY,Yahoo Finance / Breakwave Dry Bulk Freight Index
477,BDRY,2026-08-06,13.94,PUBLIC_PROXY,Yahoo Finance / Breakwave Dry Bulk Freight Index
478,BDRY,2026-08-07,13.76,PUBLIC_PROXY,Yahoo Finance / Breakwave Dry Bulk Freight Index
479,BDRY,2026-08-10,13.8,PUBLIC_PROXY,Yahoo Finance / Breakwave Dry Bulk Freight Index
480,BDRY,2026-08-11,13.79,PUBLIC_PROXY,Yahoo Finance / Breakwave Dry Bulk Freight Index
481,BDRY,2026-08-12,13.67,PUBLIC_PROXY,Yahoo Finance / Breakwave Dry Bulk Freight Index
482,BDRY,2026-08-13,13.89,PUBLIC_PROXY,Yahoo Finance / Breakwave Dry Bulk Freight Index
483,BDRY,2026-08-14,14.287,PUBLIC_PROXY,Yahoo Finance / Breakwave Dry Bulk Freight Index
484,BDRY,2026-08-17,14.0,PUBLIC_PROXY,Yahoo Finance / Breakwave Dry Bulk Freight Index
485,BDRY,2026-08-18,13.82,PUBLIC_PROXY,Yahoo Finance / Breakwave Dry Bulk Freight Index
486,BDRY,2026-08-19,14.005,PUBLIC_PROXY,Yahoo Finance / Breakwave Dry Bulk Freight Index
487,BDRY,2026-08-20,14.19,PUBLIC_PROXY,Yahoo Finance / Breakwave Dry Bulk Freight Index
488,BDRY,2026-08-21,14.75,PUBLIC_PROXY,Yahoo Finance / Breakwave Dry Bulk Freight Index
489,BDRY,2026-08-24,14.69,PUBLIC_PROXY,Yahoo Finance / Breakwave Dry Bulk Freight Index
490,BDRY,2026-08-25,15.065,PUBLIC_PROXY,Yahoo Finance / Breakwave Dry Bulk Freight Index
491,BDRY,2026-08-26,15.06,PUBLIC_PROXY,Yahoo Finance / Breakwave Dry Bulk Freight Index
492,BDRY,2026-08-27,14.82,PUBLIC_PROXY,Yahoo Finance / Breakwave Dry Bulk Freight Index
493,BDRY,2026-08-28,15.52,PUBLIC_PROXY,Yahoo Finance / Breakwave Dry Bulk Freight Index
494,BDRY,2026-08-31,15.47,PUBLIC_PROXY,Yahoo Finance / Breakwave Dry Bulk Freight Index
495,BDRY,2026-09-01,15.795,PUBLIC_PROXY,Yahoo Finance / Breakwave Dry Bulk Freight Index
496,BDRY,2026-09-02,16.58,PUBLIC_PROXY,Yahoo Finance / Breakwave Dry Bulk Freight Index
497,BDRY,2026-09-03,16.14,PUBLIC_PROXY,Yahoo Finance / Breakwave Dry Bulk Freight Index
498,BDRY,2026-09-04,16.56,PUBLIC_PROXY,Yahoo Finance / Breakwave Dry Bulk Freight Index
499,BDRY,2026-09-08,16.3,PUBLIC_PROXY,Yahoo Finance / Breakwave Dry Bulk Freight Index
500,BDRY,2026-09-09,16.1,PUBLIC_PROXY,Yahoo Finance / Breakwave Dry Bulk Freight Index
501,BDRY,2026-09-10,15.92,PUBLIC_PROXY,Yahoo Finance / Breakwave Dry Bulk Freight Index
502,BDRY,2026-09-11,16.01,PUBLIC_PROXY,Yahoo Finance / Breakwave Dry Bulk Freight Index
