id,date,pair,value,data_provenance,source
1,2024-09-11,USD/INR,83.98,REAL_VERIFIED,European Central Bank / RBI Reference Rate via Frankfurter API
2,2024-09-12,USD/INR,83.96,REAL_VERIFIED,European Central Bank / RBI Reference Rate via Frankfurter API
3,2024-09-13,USD/INR,83.92,REAL_VERIFIED,European Central Bank / RBI Reference Rate via Frankfurter API
4,2024-09-16,USD/INR,83.86,REAL_VERIFIED,European Central Bank / RBI Reference Rate via Frankfurter API
5,2024-09-17,USD/INR,83.76,REAL_VERIFIED,European Central Bank / RBI Reference Rate via Frankfurter API
6,2024-09-18,USD/INR,83.72,REAL_VERIFIED,European Central Bank / RBI Reference Rate via Frankfurter API
7,2024-09-19,USD/INR,83.65,REAL_VERIFIED,European Central Bank / RBI Reference Rate via Frankfurter API
8,2024-09-20,USD/INR,83.53,REAL_VERIFIED,European Central Bank / RBI Reference Rate via Frankfurter API
9,2024-09-23,USD/INR,83.55,REAL_VERIFIED,European Central Bank / RBI Reference Rate via Frankfurter API
10,2024-09-24,USD/INR,83.67,REAL_VERIFIED,European Central Bank / RBI Reference Rate via Frankfurter API
11,2024-09-25,USD/INR,83.6,REAL_VERIFIED,European Central Bank / RBI Reference Rate via Frankfurter API
12,2024-09-26,USD/INR,83.64,REAL_VERIFIED,European Central Bank / RBI Reference Rate via Frankfurter API
13,2024-09-27,USD/INR,83.69,REAL_VERIFIED,European Central Bank / RBI Reference Rate via Frankfurter API
14,2024-09-30,USD/INR,83.79,REAL_VERIFIED,European Central Bank / RBI Reference Rate via Frankfurter API
15,2024-10-01,USD/INR,83.83,REAL_VERIFIED,European Central Bank / RBI Reference Rate via Frankfurter API
16,2024-10-02,USD/INR,83.99,REAL_VERIFIED,European Central Bank / RBI Reference Rate via Frankfurter API
17,2024-10-03,USD/INR,83.99,REAL_VERIFIED,European Central Bank / RBI Reference Rate via Frankfurter API
18,2024-10-04,USD/INR,83.97,REAL_VERIFIED,European Central Bank / RBI Reference Rate via Frankfurter API
19,2024-10-07,USD/INR,84.0,REAL_VERIFIED,European Central Bank / RBI Reference Rate via Frankfurter API
20,2024-10-08,USD/INR,83.96,REAL_VERIFIED,European Central Bank / RBI Reference Rate via Frankfurter API
21,2024-10-09,USD/INR,83.96,REAL_VERIFIED,European Central Bank / RBI Reference Rate via Frankfurter API
22,2024-10-10,USD/INR,83.97,REAL_VERIFIED,European Central Bank / RBI Reference Rate via Frankfurter API
23,2024-10-11,USD/INR,84.07,REAL_VERIFIED,European Central Bank / RBI Reference Rate via Frankfurter API
24,2024-10-14,USD/INR,84.04,REAL_VERIFIED,European Central Bank / RBI Reference Rate via Frankfurter API
25,2024-10-15,USD/INR,84.03,REAL_VERIFIED,European Central Bank / RBI Reference Rate via Frankfurter API
26,2024-10-16,USD/INR,84.01,REAL_VERIFIED,European Central Bank / RBI Reference Rate via Frankfurter API
27,2024-10-17,USD/INR,84.04,REAL_VERIFIED,European Central Bank / RBI Reference Rate via Frankfurter API
28,2024-10-18,USD/INR,84.08,REAL_VERIFIED,European Central Bank / RBI Reference Rate via Frankfurter API
29,2024-10-21,USD/INR,84.07,REAL_VERIFIED,European Central Bank / RBI Reference Rate via Frankfurter API
30,2024-10-22,USD/INR,84.07,REAL_VERIFIED,European Central Bank / RBI Reference Rate via Frankfurter API
31,2024-10-23,USD/INR,84.09,REAL_VERIFIED,European Central Bank / RBI Reference Rate via Frankfurter API
32,2024-10-24,USD/INR,84.07,REAL_VERIFIED,European Central Bank / RBI Reference Rate via Frankfurter API
33,2024-10-25,USD/INR,84.09,REAL_VERIFIED,European Central Bank / RBI Reference Rate via Frankfurter API
34,2024-10-28,USD/INR,84.08,REAL_VERIFIED,European Central Bank / RBI Reference Rate via Frankfurter API
35,2024-10-29,USD/INR,84.06,REAL_VERIFIED,European Central Bank / RBI Reference Rate via Frankfurter API
36,2024-10-30,USD/INR,84.09,REAL_VERIFIED,European Central Bank / RBI Reference Rate via Frankfurter API
37,2024-10-31,USD/INR,84.07,REAL_VERIFIED,European Central Bank / RBI Reference Rate via Frankfurter API
38,2024-11-01,USD/INR,84.06,REAL_VERIFIED,European Central Bank / RBI Reference Rate via Frankfurter API
39,2024-11-04,USD/INR,84.12,REAL_VERIFIED,European Central Bank / RBI Reference Rate via Frankfurter API
40,2024-11-05,USD/INR,84.11,REAL_VERIFIED,European Central Bank / RBI Reference Rate via Frankfurter API
41,2024-11-06,USD/INR,84.32,REAL_VERIFIED,European Central Bank / RBI Reference Rate via Frankfurter API
42,2024-11-07,USD/INR,84.32,REAL_VERIFIED,European Central Bank / RBI Reference Rate via Frankfurter API
43,2024-11-08,USD/INR,84.38,REAL_VERIFIED,European Central Bank / RBI Reference Rate via Frankfurter API
44,2024-11-11,USD/INR,84.4,REAL_VERIFIED,European Central Bank / RBI Reference Rate via Frankfurter API
45,2024-11-12,USD/INR,84.38,REAL_VERIFIED,European Central Bank / RBI Reference Rate via Frankfurter API
46,2024-11-13,USD/INR,84.38,REAL_VERIFIED,European Central Bank / RBI Reference Rate via Frankfurter API
47,2024-11-14,USD/INR,84.46,REAL_VERIFIED,European Central Bank / RBI Reference Rate via Frankfurter API
48,2024-11-15,USD/INR,84.43,REAL_VERIFIED,European Central Bank / RBI Reference Rate via Frankfurter API
49,2024-11-18,USD/INR,84.42,REAL_VERIFIED,European Central Bank / RBI Reference Rate via Frankfurter API
50,2024-11-19,USD/INR,84.41,REAL_VERIFIED,European Central Bank / RBI Reference Rate via Frankfurter API
51,2024-11-20,USD/INR,84.36,REAL_VERIFIED,European Central Bank / RBI Reference Rate via Frankfurter API
52,2024-11-21,USD/INR,84.48,REAL_VERIFIED,European Central Bank / RBI Reference Rate via Frankfurter API
53,2024-11-22,USD/INR,84.45,REAL_VERIFIED,European Central Bank / RBI Reference Rate via Frankfurter API
54,2024-11-25,USD/INR,84.29,REAL_VERIFIED,European Central Bank / RBI Reference Rate via Frankfurter API
55,2024-11-26,USD/INR,84.3,REAL_VERIFIED,European Central Bank / RBI Reference Rate via Frankfurter API
56,2024-11-27,USD/INR,84.41,REAL_VERIFIED,European Central Bank / RBI Reference Rate via Frankfurter API
57,2024-11-28,USD/INR,84.47,REAL_VERIFIED,European Central Bank / RBI Reference Rate via Frankfurter API
58,2024-11-29,USD/INR,84.57,REAL_VERIFIED,European Central Bank / RBI Reference Rate via Frankfurter API
59,2024-12-02,USD/INR,84.71,REAL_VERIFIED,European Central Bank / RBI Reference Rate via Frankfurter API
60,2024-12-03,USD/INR,84.68,REAL_VERIFIED,European Central Bank / RBI Reference Rate via Frankfurter API
61,2024-12-04,USD/INR,84.76,REAL_VERIFIED,European Central Bank / RBI Reference Rate via Frankfurter API
62,2024-12-05,USD/INR,84.68,REAL_VERIFIED,European Central Bank / RBI Reference Rate via Frankfurter API
63,2024-12-06,USD/INR,84.69,REAL_VERIFIED,European Central Bank / RBI Reference Rate via Frankfurter API
64,2024-12-09,USD/INR,84.87,REAL_VERIFIED,European Central Bank / RBI Reference Rate via Frankfurter API
65,2024-12-10,USD/INR,84.88,REAL_VERIFIED,European Central Bank / RBI Reference Rate via Frankfurter API
66,2024-12-11,USD/INR,84.85,REAL_VERIFIED,European Central Bank / RBI Reference Rate via Frankfurter API
67,2024-12-12,USD/INR,84.87,REAL_VERIFIED,European Central Bank / RBI Reference Rate via Frankfurter API
68,2024-12-13,USD/INR,84.8,REAL_VERIFIED,European Central Bank / RBI Reference Rate via Frankfurter API
69,2024-12-16,USD/INR,84.89,REAL_VERIFIED,European Central Bank / RBI Reference Rate via Frankfurter API
70,2024-12-17,USD/INR,84.92,REAL_VERIFIED,European Central Bank / RBI Reference Rate via Frankfurter API
71,2024-12-18,USD/INR,84.95,REAL_VERIFIED,European Central Bank / RBI Reference Rate via Frankfurter API
72,2024-12-19,USD/INR,85.12,REAL_VERIFIED,European Central Bank / RBI Reference Rate via Frankfurter API
73,2024-12-20,USD/INR,85.04,REAL_VERIFIED,European Central Bank / RBI Reference Rate via Frankfurter API
74,2024-12-23,USD/INR,85.11,REAL_VERIFIED,European Central Bank / RBI Reference Rate via Frankfurter API
75,2024-12-24,USD/INR,85.17,REAL_VERIFIED,European Central Bank / RBI Reference Rate via Frankfurter API
76,2024-12-27,USD/INR,85.49,REAL_VERIFIED,European Central Bank / RBI Reference Rate via Frankfurter API
77,2024-12-30,USD/INR,85.47,REAL_VERIFIED,European Central Bank / RBI Reference Rate via Frankfurter API
78,2024-12-31,USD/INR,85.6,REAL_VERIFIED,European Central Bank / RBI Reference Rate via Frankfurter API
79,2025-01-02,USD/INR,85.76,REAL_VERIFIED,European Central Bank / RBI Reference Rate via Frankfurter API
80,2025-01-03,USD/INR,85.77,REAL_VERIFIED,European Central Bank / RBI Reference Rate via Frankfurter API
81,2025-01-06,USD/INR,85.61,REAL_VERIFIED,European Central Bank / RBI Reference Rate via Frankfurter API
82,2025-01-07,USD/INR,85.74,REAL_VERIFIED,European Central Bank / RBI Reference Rate via Frankfurter API
83,2025-01-08,USD/INR,85.89,REAL_VERIFIED,European Central Bank / RBI Reference Rate via Frankfurter API
84,2025-01-09,USD/INR,85.85,REAL_VERIFIED,European Central Bank / RBI Reference Rate via Frankfurter API
85,2025-01-10,USD/INR,86.02,REAL_VERIFIED,European Central Bank / RBI Reference Rate via Frankfurter API
86,2025-01-13,USD/INR,86.7,REAL_VERIFIED,European Central Bank / RBI Reference Rate via Frankfurter API
87,2025-01-14,USD/INR,86.57,REAL_VERIFIED,European Central Bank / RBI Reference Rate via Frankfurter API
88,2025-01-15,USD/INR,86.42,REAL_VERIFIED,European Central Bank / RBI Reference Rate via Frankfurter API
89,2025-01-16,USD/INR,86.58,REAL_VERIFIED,European Central Bank / RBI Reference Rate via Frankfurter API
90,2025-01-17,USD/INR,86.62,REAL_VERIFIED,European Central Bank / RBI Reference Rate via Frankfurter API
91,2025-01-20,USD/INR,86.54,REAL_VERIFIED,European Central Bank / RBI Reference Rate via Frankfurter API
92,2025-01-21,USD/INR,86.6,REAL_VERIFIED,European Central Bank / RBI Reference Rate via Frankfurter API
93,2025-01-22,USD/INR,86.38,REAL_VERIFIED,European Central Bank / RBI Reference Rate via Frankfurter API
94,2025-01-23,USD/INR,86.44,REAL_VERIFIED,European Central Bank / RBI Reference Rate via Frankfurter API
95,2025-01-24,USD/INR,86.26,REAL_VERIFIED,European Central Bank / RBI Reference Rate via Frankfurter API
96,2025-01-27,USD/INR,86.31,REAL_VERIFIED,European Central Bank / RBI Reference Rate via Frankfurter API
97,2025-01-28,USD/INR,86.56,REAL_VERIFIED,European Central Bank / RBI Reference Rate via Frankfurter API
98,2025-01-29,USD/INR,86.56,REAL_VERIFIED,European Central Bank / RBI Reference Rate via Frankfurter API
99,2025-01-30,USD/INR,86.61,REAL_VERIFIED,European Central Bank / RBI Reference Rate via Frankfurter API
100,2025-01-31,USD/INR,86.59,REAL_VERIFIED,European Central Bank / RBI Reference Rate via Frankfurter API
101,2025-02-03,USD/INR,87.06,REAL_VERIFIED,European Central Bank / RBI Reference Rate via Frankfurter API
102,2025-02-04,USD/INR,87.09,REAL_VERIFIED,European Central Bank / RBI Reference Rate via Frankfurter API
103,2025-02-05,USD/INR,87.37,REAL_VERIFIED,European Central Bank / RBI Reference Rate via Frankfurter API
104,2025-02-06,USD/INR,87.61,REAL_VERIFIED,European Central Bank / RBI Reference Rate via Frankfurter API
105,2025-02-07,USD/INR,87.51,REAL_VERIFIED,European Central Bank / RBI Reference Rate via Frankfurter API
106,2025-02-10,USD/INR,87.47,REAL_VERIFIED,European Central Bank / RBI Reference Rate via Frankfurter API
107,2025-02-11,USD/INR,86.74,REAL_VERIFIED,European Central Bank / RBI Reference Rate via Frankfurter API
108,2025-02-12,USD/INR,86.89,REAL_VERIFIED,European Central Bank / RBI Reference Rate via Frankfurter API
109,2025-02-13,USD/INR,86.99,REAL_VERIFIED,European Central Bank / RBI Reference Rate via Frankfurter API
110,2025-02-14,USD/INR,86.67,REAL_VERIFIED,European Central Bank / RBI Reference Rate via Frankfurter API
111,2025-02-17,USD/INR,86.88,REAL_VERIFIED,European Central Bank / RBI Reference Rate via Frankfurter API
112,2025-02-18,USD/INR,86.96,REAL_VERIFIED,European Central Bank / RBI Reference Rate via Frankfurter API
113,2025-02-19,USD/INR,86.87,REAL_VERIFIED,European Central Bank / RBI Reference Rate via Frankfurter API
114,2025-02-20,USD/INR,86.59,REAL_VERIFIED,European Central Bank / RBI Reference Rate via Frankfurter API
115,2025-02-21,USD/INR,86.63,REAL_VERIFIED,European Central Bank / RBI Reference Rate via Frankfurter API
116,2025-02-24,USD/INR,86.73,REAL_VERIFIED,European Central Bank / RBI Reference Rate via Frankfurter API
117,2025-02-25,USD/INR,87.19,REAL_VERIFIED,European Central Bank / RBI Reference Rate via Frankfurter API
118,2025-02-26,USD/INR,87.11,REAL_VERIFIED,European Central Bank / RBI Reference Rate via Frankfurter API
119,2025-02-27,USD/INR,87.15,REAL_VERIFIED,European Central Bank / RBI Reference Rate via Frankfurter API
120,2025-02-28,USD/INR,87.38,REAL_VERIFIED,European Central Bank / RBI Reference Rate via Frankfurter API
121,2025-03-03,USD/INR,87.29,REAL_VERIFIED,European Central Bank / RBI Reference Rate via Frankfurter API
122,2025-03-04,USD/INR,87.14,REAL_VERIFIED,European Central Bank / RBI Reference Rate via Frankfurter API
123,2025-03-05,USD/INR,87.05,REAL_VERIFIED,European Central Bank / RBI Reference Rate via Frankfurter API
124,2025-03-06,USD/INR,87.08,REAL_VERIFIED,European Central Bank / RBI Reference Rate via Frankfurter API
125,2025-03-07,USD/INR,86.99,REAL_VERIFIED,European Central Bank / RBI Reference Rate via Frankfurter API
126,2025-03-10,USD/INR,87.31,REAL_VERIFIED,European Central Bank / RBI Reference Rate via Frankfurter API
127,2025-03-11,USD/INR,87.2,REAL_VERIFIED,European Central Bank / RBI Reference Rate via Frankfurter API
128,2025-03-12,USD/INR,87.2,REAL_VERIFIED,European Central Bank / RBI Reference Rate via Frankfurter API
129,2025-03-13,USD/INR,87.05,REAL_VERIFIED,European Central Bank / RBI Reference Rate via Frankfurter API
130,2025-03-14,USD/INR,86.94,REAL_VERIFIED,European Central Bank / RBI Reference Rate via Frankfurter API
131,2025-03-17,USD/INR,86.79,REAL_VERIFIED,European Central Bank / RBI Reference Rate via Frankfurter API
132,2025-03-18,USD/INR,86.55,REAL_VERIFIED,European Central Bank / RBI Reference Rate via Frankfurter API
133,2025-03-19,USD/INR,86.32,REAL_VERIFIED,European Central Bank / RBI Reference Rate via Frankfurter API
134,2025-03-20,USD/INR,86.36,REAL_VERIFIED,European Central Bank / RBI Reference Rate via Frankfurter API
135,2025-03-21,USD/INR,86.03,REAL_VERIFIED,European Central Bank / RBI Reference Rate via Frankfurter API
136,2025-03-24,USD/INR,85.57,REAL_VERIFIED,European Central Bank / RBI Reference Rate via Frankfurter API
137,2025-03-25,USD/INR,85.7,REAL_VERIFIED,European Central Bank / RBI Reference Rate via Frankfurter API
138,2025-03-26,USD/INR,85.65,REAL_VERIFIED,European Central Bank / RBI Reference Rate via Frankfurter API
139,2025-03-27,USD/INR,85.73,REAL_VERIFIED,European Central Bank / RBI Reference Rate via Frankfurter API
140,2025-03-28,USD/INR,85.53,REAL_VERIFIED,European Central Bank / RBI Reference Rate via Frankfurter API
141,2025-03-31,USD/INR,85.44,REAL_VERIFIED,European Central Bank / RBI Reference Rate via Frankfurter API
142,2025-04-01,USD/INR,85.63,REAL_VERIFIED,European Central Bank / RBI Reference Rate via Frankfurter API
143,2025-04-02,USD/INR,85.49,REAL_VERIFIED,European Central Bank / RBI Reference Rate via Frankfurter API
144,2025-04-03,USD/INR,85.28,REAL_VERIFIED,European Central Bank / RBI Reference Rate via Frankfurter API
145,2025-04-04,USD/INR,85.4,REAL_VERIFIED,European Central Bank / RBI Reference Rate via Frankfurter API
146,2025-04-07,USD/INR,85.77,REAL_VERIFIED,European Central Bank / RBI Reference Rate via Frankfurter API
147,2025-04-08,USD/INR,86.22,REAL_VERIFIED,European Central Bank / RBI Reference Rate via Frankfurter API
148,2025-04-09,USD/INR,86.67,REAL_VERIFIED,European Central Bank / RBI Reference Rate via Frankfurter API
149,2025-04-10,USD/INR,86.16,REAL_VERIFIED,European Central Bank / RBI Reference Rate via Frankfurter API
150,2025-04-11,USD/INR,86.09,REAL_VERIFIED,European Central Bank / RBI Reference Rate via Frankfurter API
151,2025-04-14,USD/INR,85.99,REAL_VERIFIED,European Central Bank / RBI Reference Rate via Frankfurter API
152,2025-04-15,USD/INR,85.89,REAL_VERIFIED,European Central Bank / RBI Reference Rate via Frankfurter API
153,2025-04-16,USD/INR,85.65,REAL_VERIFIED,European Central Bank / RBI Reference Rate via Frankfurter API
154,2025-04-17,USD/INR,85.4,REAL_VERIFIED,European Central Bank / RBI Reference Rate via Frankfurter API
155,2025-04-22,USD/INR,85.2,REAL_VERIFIED,European Central Bank / RBI Reference Rate via Frankfurter API
156,2025-04-23,USD/INR,85.4,REAL_VERIFIED,European Central Bank / RBI Reference Rate via Frankfurter API
157,2025-04-24,USD/INR,85.34,REAL_VERIFIED,European Central Bank / RBI Reference Rate via Frankfurter API
158,2025-04-25,USD/INR,85.43,REAL_VERIFIED,European Central Bank / RBI Reference Rate via Frankfurter API
159,2025-04-28,USD/INR,85.02,REAL_VERIFIED,European Central Bank / RBI Reference Rate via Frankfurter API
160,2025-04-29,USD/INR,85.13,REAL_VERIFIED,European Central Bank / RBI Reference Rate via Frankfurter API
161,2025-04-30,USD/INR,84.53,REAL_VERIFIED,European Central Bank / RBI Reference Rate via Frankfurter API
162,2025-05-02,USD/INR,84.3,REAL_VERIFIED,European Central Bank / RBI Reference Rate via Frankfurter API
163,2025-05-05,USD/INR,84.3,REAL_VERIFIED,European Central Bank / RBI Reference Rate via Frankfurter API
164,2025-05-06,USD/INR,84.38,REAL_VERIFIED,European Central Bank / RBI Reference Rate via Frankfurter API
165,2025-05-07,USD/INR,84.76,REAL_VERIFIED,European Central Bank / RBI Reference Rate via Frankfurter API
166,2025-05-08,USD/INR,85.5,REAL_VERIFIED,European Central Bank / RBI Reference Rate via Frankfurter API
167,2025-05-09,USD/INR,85.39,REAL_VERIFIED,European Central Bank / RBI Reference Rate via Frankfurter API
168,2025-05-12,USD/INR,84.86,REAL_VERIFIED,European Central Bank / RBI Reference Rate via Frankfurter API
169,2025-05-13,USD/INR,85.34,REAL_VERIFIED,European Central Bank / RBI Reference Rate via Frankfurter API
170,2025-05-14,USD/INR,85.39,REAL_VERIFIED,European Central Bank / RBI Reference Rate via Frankfurter API
171,2025-05-15,USD/INR,85.52,REAL_VERIFIED,European Central Bank / RBI Reference Rate via Frankfurter API
172,2025-05-16,USD/INR,85.6,REAL_VERIFIED,European Central Bank / RBI Reference Rate via Frankfurter API
173,2025-05-19,USD/INR,85.44,REAL_VERIFIED,European Central Bank / RBI Reference Rate via Frankfurter API
174,2025-05-20,USD/INR,85.56,REAL_VERIFIED,European Central Bank / RBI Reference Rate via Frankfurter API
175,2025-05-21,USD/INR,85.57,REAL_VERIFIED,European Central Bank / RBI Reference Rate via Frankfurter API
176,2025-05-22,USD/INR,85.98,REAL_VERIFIED,European Central Bank / RBI Reference Rate via Frankfurter API
177,2025-05-23,USD/INR,85.43,REAL_VERIFIED,European Central Bank / RBI Reference Rate via Frankfurter API
178,2025-05-26,USD/INR,85.09,REAL_VERIFIED,European Central Bank / RBI Reference Rate via Frankfurter API
179,2025-05-27,USD/INR,85.4,REAL_VERIFIED,European Central Bank / RBI Reference Rate via Frankfurter API
180,2025-05-28,USD/INR,85.39,REAL_VERIFIED,European Central Bank / RBI Reference Rate via Frankfurter API
181,2025-05-29,USD/INR,85.47,REAL_VERIFIED,European Central Bank / RBI Reference Rate via Frankfurter API
182,2025-05-30,USD/INR,85.56,REAL_VERIFIED,European Central Bank / RBI Reference Rate via Frankfurter API
183,2025-06-02,USD/INR,85.38,REAL_VERIFIED,European Central Bank / RBI Reference Rate via Frankfurter API
184,2025-06-03,USD/INR,85.62,REAL_VERIFIED,European Central Bank / RBI Reference Rate via Frankfurter API
185,2025-06-04,USD/INR,85.89,REAL_VERIFIED,European Central Bank / RBI Reference Rate via Frankfurter API
186,2025-06-05,USD/INR,85.83,REAL_VERIFIED,European Central Bank / RBI Reference Rate via Frankfurter API
187,2025-06-06,USD/INR,85.74,REAL_VERIFIED,European Central Bank / RBI Reference Rate via Frankfurter API
188,2025-06-09,USD/INR,85.66,REAL_VERIFIED,European Central Bank / RBI Reference Rate via Frankfurter API
189,2025-06-10,USD/INR,85.58,REAL_VERIFIED,European Central Bank / RBI Reference Rate via Frankfurter API
190,2025-06-11,USD/INR,85.54,REAL_VERIFIED,European Central Bank / RBI Reference Rate via Frankfurter API
191,2025-06-12,USD/INR,85.54,REAL_VERIFIED,European Central Bank / RBI Reference Rate via Frankfurter API
192,2025-06-13,USD/INR,86.09,REAL_VERIFIED,European Central Bank / RBI Reference Rate via Frankfurter API
193,2025-06-16,USD/INR,86.04,REAL_VERIFIED,European Central Bank / RBI Reference Rate via Frankfurter API
194,2025-06-17,USD/INR,86.26,REAL_VERIFIED,European Central Bank / RBI Reference Rate via Frankfurter API
195,2025-06-18,USD/INR,86.43,REAL_VERIFIED,European Central Bank / RBI Reference Rate via Frankfurter API
196,2025-06-19,USD/INR,86.74,REAL_VERIFIED,European Central Bank / RBI Reference Rate via Frankfurter API
197,2025-06-20,USD/INR,86.62,REAL_VERIFIED,European Central Bank / RBI Reference Rate via Frankfurter API
198,2025-06-23,USD/INR,86.77,REAL_VERIFIED,European Central Bank / RBI Reference Rate via Frankfurter API
199,2025-06-24,USD/INR,86.03,REAL_VERIFIED,European Central Bank / RBI Reference Rate via Frankfurter API
200,2025-06-25,USD/INR,86.1,REAL_VERIFIED,European Central Bank / RBI Reference Rate via Frankfurter API
201,2025-06-26,USD/INR,85.75,REAL_VERIFIED,European Central Bank / RBI Reference Rate via Frankfurter API
202,2025-06-27,USD/INR,85.51,REAL_VERIFIED,European Central Bank / RBI Reference Rate via Frankfurter API
203,2025-06-30,USD/INR,85.8,REAL_VERIFIED,European Central Bank / RBI Reference Rate via Frankfurter API
204,2025-07-01,USD/INR,85.56,REAL_VERIFIED,European Central Bank / RBI Reference Rate via Frankfurter API
205,2025-07-02,USD/INR,85.67,REAL_VERIFIED,European Central Bank / RBI Reference Rate via Frankfurter API
206,2025-07-03,USD/INR,85.38,REAL_VERIFIED,European Central Bank / RBI Reference Rate via Frankfurter API
207,2025-07-04,USD/INR,85.41,REAL_VERIFIED,European Central Bank / RBI Reference Rate via Frankfurter API
208,2025-07-07,USD/INR,85.93,REAL_VERIFIED,European Central Bank / RBI Reference Rate via Frankfurter API
209,2025-07-08,USD/INR,85.67,REAL_VERIFIED,European Central Bank / RBI Reference Rate via Frankfurter API
210,2025-07-09,USD/INR,85.72,REAL_VERIFIED,European Central Bank / RBI Reference Rate via Frankfurter API
211,2025-07-10,USD/INR,85.76,REAL_VERIFIED,European Central Bank / RBI Reference Rate via Frankfurter API
212,2025-07-11,USD/INR,85.83,REAL_VERIFIED,European Central Bank / RBI Reference Rate via Frankfurter API
213,2025-07-14,USD/INR,86.01,REAL_VERIFIED,European Central Bank / RBI Reference Rate via Frankfurter API
214,2025-07-15,USD/INR,85.86,REAL_VERIFIED,European Central Bank / RBI Reference Rate via Frankfurter API
215,2025-07-16,USD/INR,85.99,REAL_VERIFIED,European Central Bank / RBI Reference Rate via Frankfurter API
216,2025-07-17,USD/INR,86.08,REAL_VERIFIED,European Central Bank / RBI Reference Rate via Frankfurter API
217,2025-07-18,USD/INR,86.14,REAL_VERIFIED,European Central Bank / RBI Reference Rate via Frankfurter API
218,2025-07-21,USD/INR,86.29,REAL_VERIFIED,European Central Bank / RBI Reference Rate via Frankfurter API
219,2025-07-22,USD/INR,86.43,REAL_VERIFIED,European Central Bank / RBI Reference Rate via Frankfurter API
220,2025-07-23,USD/INR,86.42,REAL_VERIFIED,European Central Bank / RBI Reference Rate via Frankfurter API
221,2025-07-24,USD/INR,86.39,REAL_VERIFIED,European Central Bank / RBI Reference Rate via Frankfurter API
222,2025-07-25,USD/INR,86.51,REAL_VERIFIED,European Central Bank / RBI Reference Rate via Frankfurter API
223,2025-07-28,USD/INR,86.7,REAL_VERIFIED,European Central Bank / RBI Reference Rate via Frankfurter API
224,2025-07-29,USD/INR,86.85,REAL_VERIFIED,European Central Bank / RBI Reference Rate via Frankfurter API
225,2025-07-30,USD/INR,87.49,REAL_VERIFIED,European Central Bank / RBI Reference Rate via Frankfurter API
226,2025-07-31,USD/INR,87.63,REAL_VERIFIED,European Central Bank / RBI Reference Rate via Frankfurter API
227,2025-08-01,USD/INR,87.5,REAL_VERIFIED,European Central Bank / RBI Reference Rate via Frankfurter API
228,2025-08-04,USD/INR,87.65,REAL_VERIFIED,European Central Bank / RBI Reference Rate via Frankfurter API
229,2025-08-05,USD/INR,87.78,REAL_VERIFIED,European Central Bank / RBI Reference Rate via Frankfurter API
230,2025-08-06,USD/INR,87.72,REAL_VERIFIED,European Central Bank / RBI Reference Rate via Frankfurter API
231,2025-08-07,USD/INR,87.49,REAL_VERIFIED,European Central Bank / RBI Reference Rate via Frankfurter API
232,2025-08-08,USD/INR,87.62,REAL_VERIFIED,European Central Bank / RBI Reference Rate via Frankfurter API
233,2025-08-11,USD/INR,87.74,REAL_VERIFIED,European Central Bank / RBI Reference Rate via Frankfurter API
234,2025-08-12,USD/INR,87.7,REAL_VERIFIED,European Central Bank / RBI Reference Rate via Frankfurter API
235,2025-08-13,USD/INR,87.45,REAL_VERIFIED,European Central Bank / RBI Reference Rate via Frankfurter API
236,2025-08-14,USD/INR,87.57,REAL_VERIFIED,European Central Bank / RBI Reference Rate via Frankfurter API
237,2025-08-15,USD/INR,87.46,REAL_VERIFIED,European Central Bank / RBI Reference Rate via Frankfurter API
238,2025-08-18,USD/INR,87.38,REAL_VERIFIED,European Central Bank / RBI Reference Rate via Frankfurter API
239,2025-08-19,USD/INR,87.09,REAL_VERIFIED,European Central Bank / RBI Reference Rate via Frankfurter API
240,2025-08-20,USD/INR,87.06,REAL_VERIFIED,European Central Bank / RBI Reference Rate via Frankfurter API
241,2025-08-21,USD/INR,87.27,REAL_VERIFIED,European Central Bank / RBI Reference Rate via Frankfurter API
242,2025-08-22,USD/INR,87.53,REAL_VERIFIED,European Central Bank / RBI Reference Rate via Frankfurter API
243,2025-08-25,USD/INR,87.56,REAL_VERIFIED,European Central Bank / RBI Reference Rate via Frankfurter API
244,2025-08-26,USD/INR,87.62,REAL_VERIFIED,European Central Bank / RBI Reference Rate via Frankfurter API
245,2025-08-27,USD/INR,87.76,REAL_VERIFIED,European Central Bank / RBI Reference Rate via Frankfurter API
246,2025-08-28,USD/INR,87.57,REAL_VERIFIED,European Central Bank / RBI Reference Rate via Frankfurter API
247,2025-08-29,USD/INR,88.18,REAL_VERIFIED,European Central Bank / RBI Reference Rate via Frankfurter API
248,2025-09-01,USD/INR,88.19,REAL_VERIFIED,European Central Bank / RBI Reference Rate via Frankfurter API
249,2025-09-02,USD/INR,88.08,REAL_VERIFIED,European Central Bank / RBI Reference Rate via Frankfurter API
250,2025-09-03,USD/INR,88.03,REAL_VERIFIED,European Central Bank / RBI Reference Rate via Frankfurter API
251,2025-09-04,USD/INR,88.12,REAL_VERIFIED,European Central Bank / RBI Reference Rate via Frankfurter API
252,2025-09-05,USD/INR,88.24,REAL_VERIFIED,European Central Bank / RBI Reference Rate via Frankfurter API
253,2025-09-08,USD/INR,88.04,REAL_VERIFIED,European Central Bank / RBI Reference Rate via Frankfurter API
254,2025-09-09,USD/INR,88.17,REAL_VERIFIED,European Central Bank / RBI Reference Rate via Frankfurter API
255,2025-09-10,USD/INR,88.12,REAL_VERIFIED,European Central Bank / RBI Reference Rate via Frankfurter API
256,2025-09-11,USD/INR,88.43,REAL_VERIFIED,European Central Bank / RBI Reference Rate via Frankfurter API
257,2025-09-12,USD/INR,88.27,REAL_VERIFIED,European Central Bank / RBI Reference Rate via Frankfurter API
258,2025-09-15,USD/INR,88.14,REAL_VERIFIED,European Central Bank / RBI Reference Rate via Frankfurter API
259,2025-09-16,USD/INR,88.05,REAL_VERIFIED,European Central Bank / RBI Reference Rate via Frankfurter API
260,2025-09-17,USD/INR,87.85,REAL_VERIFIED,European Central Bank / RBI Reference Rate via Frankfurter API
261,2025-09-18,USD/INR,88.11,REAL_VERIFIED,European Central Bank / RBI Reference Rate via Frankfurter API
262,2025-09-19,USD/INR,88.16,REAL_VERIFIED,European Central Bank / RBI Reference Rate via Frankfurter API
263,2025-09-22,USD/INR,88.28,REAL_VERIFIED,European Central Bank / RBI Reference Rate via Frankfurter API
264,2025-09-23,USD/INR,88.77,REAL_VERIFIED,European Central Bank / RBI Reference Rate via Frankfurter API
265,2025-09-24,USD/INR,88.7,REAL_VERIFIED,European Central Bank / RBI Reference Rate via Frankfurter API
266,2025-09-25,USD/INR,88.69,REAL_VERIFIED,European Central Bank / RBI Reference Rate via Frankfurter API
267,2025-09-26,USD/INR,88.72,REAL_VERIFIED,European Central Bank / RBI Reference Rate via Frankfurter API
268,2025-09-29,USD/INR,88.75,REAL_VERIFIED,European Central Bank / RBI Reference Rate via Frankfurter API
269,2025-09-30,USD/INR,88.79,REAL_VERIFIED,European Central Bank / RBI Reference Rate via Frankfurter API
270,2025-10-01,USD/INR,88.72,REAL_VERIFIED,European Central Bank / RBI Reference Rate via Frankfurter API
271,2025-10-02,USD/INR,88.72,REAL_VERIFIED,European Central Bank / RBI Reference Rate via Frankfurter API
272,2025-10-03,USD/INR,88.78,REAL_VERIFIED,European Central Bank / RBI Reference Rate via Frankfurter API
273,2025-10-06,USD/INR,88.78,REAL_VERIFIED,European Central Bank / RBI Reference Rate via Frankfurter API
274,2025-10-07,USD/INR,88.75,REAL_VERIFIED,European Central Bank / RBI Reference Rate via Frankfurter API
275,2025-10-08,USD/INR,88.76,REAL_VERIFIED,European Central Bank / RBI Reference Rate via Frankfurter API
276,2025-10-09,USD/INR,88.8,REAL_VERIFIED,European Central Bank / RBI Reference Rate via Frankfurter API
277,2025-10-10,USD/INR,88.71,REAL_VERIFIED,European Central Bank / RBI Reference Rate via Frankfurter API
278,2025-10-13,USD/INR,88.69,REAL_VERIFIED,European Central Bank / RBI Reference Rate via Frankfurter API
279,2025-10-14,USD/INR,88.79,REAL_VERIFIED,European Central Bank / RBI Reference Rate via Frankfurter API
280,2025-10-15,USD/INR,88.06,REAL_VERIFIED,European Central Bank / RBI Reference Rate via Frankfurter API
281,2025-10-16,USD/INR,87.93,REAL_VERIFIED,European Central Bank / RBI Reference Rate via Frankfurter API
282,2025-10-17,USD/INR,88.0,REAL_VERIFIED,European Central Bank / RBI Reference Rate via Frankfurter API
283,2025-10-20,USD/INR,87.9,REAL_VERIFIED,European Central Bank / RBI Reference Rate via Frankfurter API
284,2025-10-21,USD/INR,87.97,REAL_VERIFIED,European Central Bank / RBI Reference Rate via Frankfurter API
285,2025-10-22,USD/INR,88.42,REAL_VERIFIED,European Central Bank / RBI Reference Rate via Frankfurter API
286,2025-10-23,USD/INR,87.82,REAL_VERIFIED,European Central Bank / RBI Reference Rate via Frankfurter API
287,2025-10-24,USD/INR,87.81,REAL_VERIFIED,European Central Bank / RBI Reference Rate via Frankfurter API
288,2025-10-27,USD/INR,88.25,REAL_VERIFIED,European Central Bank / RBI Reference Rate via Frankfurter API
289,2025-10-28,USD/INR,88.31,REAL_VERIFIED,European Central Bank / RBI Reference Rate via Frankfurter API
290,2025-10-29,USD/INR,88.23,REAL_VERIFIED,European Central Bank / RBI Reference Rate via Frankfurter API
291,2025-10-30,USD/INR,88.72,REAL_VERIFIED,European Central Bank / RBI Reference Rate via Frankfurter API
292,2025-10-31,USD/INR,88.72,REAL_VERIFIED,European Central Bank / RBI Reference Rate via Frankfurter API
293,2025-11-03,USD/INR,88.77,REAL_VERIFIED,European Central Bank / RBI Reference Rate via Frankfurter API
294,2025-11-04,USD/INR,88.71,REAL_VERIFIED,European Central Bank / RBI Reference Rate via Frankfurter API
295,2025-11-05,USD/INR,88.64,REAL_VERIFIED,European Central Bank / RBI Reference Rate via Frankfurter API
296,2025-11-06,USD/INR,88.57,REAL_VERIFIED,European Central Bank / RBI Reference Rate via Frankfurter API
297,2025-11-07,USD/INR,88.68,REAL_VERIFIED,European Central Bank / RBI Reference Rate via Frankfurter API
298,2025-11-10,USD/INR,88.68,REAL_VERIFIED,European Central Bank / RBI Reference Rate via Frankfurter API
299,2025-11-11,USD/INR,88.49,REAL_VERIFIED,European Central Bank / RBI Reference Rate via Frankfurter API
300,2025-11-12,USD/INR,88.61,REAL_VERIFIED,European Central Bank / RBI Reference Rate via Frankfurter API
301,2025-11-13,USD/INR,88.69,REAL_VERIFIED,European Central Bank / RBI Reference Rate via Frankfurter API
302,2025-11-14,USD/INR,88.68,REAL_VERIFIED,European Central Bank / RBI Reference Rate via Frankfurter API
303,2025-11-17,USD/INR,88.61,REAL_VERIFIED,European Central Bank / RBI Reference Rate via Frankfurter API
304,2025-11-18,USD/INR,88.56,REAL_VERIFIED,European Central Bank / RBI Reference Rate via Frankfurter API
305,2025-11-19,USD/INR,88.5,REAL_VERIFIED,European Central Bank / RBI Reference Rate via Frankfurter API
306,2025-11-20,USD/INR,88.71,REAL_VERIFIED,European Central Bank / RBI Reference Rate via Frankfurter API
307,2025-11-21,USD/INR,89.64,REAL_VERIFIED,European Central Bank / RBI Reference Rate via Frankfurter API
308,2025-11-24,USD/INR,89.15,REAL_VERIFIED,European Central Bank / RBI Reference Rate via Frankfurter API
309,2025-11-25,USD/INR,89.2,REAL_VERIFIED,European Central Bank / RBI Reference Rate via Frankfurter API
310,2025-11-26,USD/INR,89.2,REAL_VERIFIED,European Central Bank / RBI Reference Rate via Frankfurter API
311,2025-11-27,USD/INR,89.4,REAL_VERIFIED,European Central Bank / RBI Reference Rate via Frankfurter API
312,2025-11-28,USD/INR,89.48,REAL_VERIFIED,European Central Bank / RBI Reference Rate via Frankfurter API
313,2025-12-01,USD/INR,89.54,REAL_VERIFIED,European Central Bank / RBI Reference Rate via Frankfurter API
314,2025-12-02,USD/INR,89.95,REAL_VERIFIED,European Central Bank / RBI Reference Rate via Frankfurter API
315,2025-12-03,USD/INR,90.17,REAL_VERIFIED,European Central Bank / RBI Reference Rate via Frankfurter API
316,2025-12-04,USD/INR,89.87,REAL_VERIFIED,European Central Bank / RBI Reference Rate via Frankfurter API
317,2025-12-05,USD/INR,89.94,REAL_VERIFIED,European Central Bank / RBI Reference Rate via Frankfurter API
318,2025-12-08,USD/INR,90.04,REAL_VERIFIED,European Central Bank / RBI Reference Rate via Frankfurter API
319,2025-12-09,USD/INR,89.84,REAL_VERIFIED,European Central Bank / RBI Reference Rate via Frankfurter API
320,2025-12-10,USD/INR,89.91,REAL_VERIFIED,European Central Bank / RBI Reference Rate via Frankfurter API
321,2025-12-11,USD/INR,90.32,REAL_VERIFIED,European Central Bank / RBI Reference Rate via Frankfurter API
322,2025-12-12,USD/INR,90.53,REAL_VERIFIED,European Central Bank / RBI Reference Rate via Frankfurter API
323,2025-12-15,USD/INR,90.74,REAL_VERIFIED,European Central Bank / RBI Reference Rate via Frankfurter API
324,2025-12-16,USD/INR,90.92,REAL_VERIFIED,European Central Bank / RBI Reference Rate via Frankfurter API
325,2025-12-17,USD/INR,90.37,REAL_VERIFIED,European Central Bank / RBI Reference Rate via Frankfurter API
326,2025-12-18,USD/INR,90.26,REAL_VERIFIED,European Central Bank / RBI Reference Rate via Frankfurter API
327,2025-12-19,USD/INR,89.69,REAL_VERIFIED,European Central Bank / RBI Reference Rate via Frankfurter API
328,2025-12-22,USD/INR,89.65,REAL_VERIFIED,European Central Bank / RBI Reference Rate via Frankfurter API
329,2025-12-23,USD/INR,89.56,REAL_VERIFIED,European Central Bank / RBI Reference Rate via Frankfurter API
330,2025-12-24,USD/INR,89.74,REAL_VERIFIED,European Central Bank / RBI Reference Rate via Frankfurter API
331,2025-12-29,USD/INR,89.9,REAL_VERIFIED,European Central Bank / RBI Reference Rate via Frankfurter API
332,2025-12-30,USD/INR,89.8,REAL_VERIFIED,European Central Bank / RBI Reference Rate via Frankfurter API
333,2025-12-31,USD/INR,89.87,REAL_VERIFIED,European Central Bank / RBI Reference Rate via Frankfurter API
334,2026-01-02,USD/INR,90.2,REAL_VERIFIED,European Central Bank / RBI Reference Rate via Frankfurter API
335,2026-01-05,USD/INR,90.29,REAL_VERIFIED,European Central Bank / RBI Reference Rate via Frankfurter API
336,2026-01-06,USD/INR,90.15,REAL_VERIFIED,European Central Bank / RBI Reference Rate via Frankfurter API
337,2026-01-07,USD/INR,89.85,REAL_VERIFIED,European Central Bank / RBI Reference Rate via Frankfurter API
338,2026-01-08,USD/INR,89.93,REAL_VERIFIED,European Central Bank / RBI Reference Rate via Frankfurter API
339,2026-01-09,USD/INR,90.22,REAL_VERIFIED,European Central Bank / RBI Reference Rate via Frankfurter API
340,2026-01-12,USD/INR,90.16,REAL_VERIFIED,European Central Bank / RBI Reference Rate via Frankfurter API
341,2026-01-13,USD/INR,90.23,REAL_VERIFIED,European Central Bank / RBI Reference Rate via Frankfurter API
342,2026-01-14,USD/INR,90.3,REAL_VERIFIED,European Central Bank / RBI Reference Rate via Frankfurter API
343,2026-01-15,USD/INR,90.3,REAL_VERIFIED,European Central Bank / RBI Reference Rate via Frankfurter API
344,2026-01-16,USD/INR,90.73,REAL_VERIFIED,European Central Bank / RBI Reference Rate via Frankfurter API
345,2026-01-19,USD/INR,90.88,REAL_VERIFIED,European Central Bank / RBI Reference Rate via Frankfurter API
346,2026-01-20,USD/INR,90.96,REAL_VERIFIED,European Central Bank / RBI Reference Rate via Frankfurter API
347,2026-01-21,USD/INR,91.64,REAL_VERIFIED,European Central Bank / RBI Reference Rate via Frankfurter API
348,2026-01-22,USD/INR,91.59,REAL_VERIFIED,European Central Bank / RBI Reference Rate via Frankfurter API
349,2026-01-23,USD/INR,91.86,REAL_VERIFIED,European Central Bank / RBI Reference Rate via Frankfurter API
350,2026-01-26,USD/INR,91.76,REAL_VERIFIED,European Central Bank / RBI Reference Rate via Frankfurter API
351,2026-01-27,USD/INR,91.62,REAL_VERIFIED,European Central Bank / RBI Reference Rate via Frankfurter API
352,2026-01-28,USD/INR,91.94,REAL_VERIFIED,European Central Bank / RBI Reference Rate via Frankfurter API
353,2026-01-29,USD/INR,91.92,REAL_VERIFIED,European Central Bank / RBI Reference Rate via Frankfurter API
354,2026-01-30,USD/INR,91.94,REAL_VERIFIED,European Central Bank / RBI Reference Rate via Frankfurter API
355,2026-02-02,USD/INR,91.57,REAL_VERIFIED,European Central Bank / RBI Reference Rate via Frankfurter API
356,2026-02-03,USD/INR,90.14,REAL_VERIFIED,European Central Bank / RBI Reference Rate via Frankfurter API
357,2026-02-04,USD/INR,90.41,REAL_VERIFIED,European Central Bank / RBI Reference Rate via Frankfurter API
358,2026-02-05,USD/INR,90.31,REAL_VERIFIED,European Central Bank / RBI Reference Rate via Frankfurter API
359,2026-02-06,USD/INR,90.66,REAL_VERIFIED,European Central Bank / RBI Reference Rate via Frankfurter API
360,2026-02-09,USD/INR,90.73,REAL_VERIFIED,European Central Bank / RBI Reference Rate via Frankfurter API
361,2026-02-10,USD/INR,90.54,REAL_VERIFIED,European Central Bank / RBI Reference Rate via Frankfurter API
362,2026-02-11,USD/INR,90.71,REAL_VERIFIED,European Central Bank / RBI Reference Rate via Frankfurter API
363,2026-02-12,USD/INR,90.58,REAL_VERIFIED,European Central Bank / RBI Reference Rate via Frankfurter API
364,2026-02-13,USD/INR,90.61,REAL_VERIFIED,European Central Bank / RBI Reference Rate via Frankfurter API
365,2026-02-16,USD/INR,90.73,REAL_VERIFIED,European Central Bank / RBI Reference Rate via Frankfurter API
366,2026-02-17,USD/INR,90.7,REAL_VERIFIED,European Central Bank / RBI Reference Rate via Frankfurter API
367,2026-02-18,USD/INR,90.69,REAL_VERIFIED,European Central Bank / RBI Reference Rate via Frankfurter API
368,2026-02-19,USD/INR,91.19,REAL_VERIFIED,European Central Bank / RBI Reference Rate via Frankfurter API
369,2026-02-20,USD/INR,90.95,REAL_VERIFIED,European Central Bank / RBI Reference Rate via Frankfurter API
370,2026-02-23,USD/INR,90.9,REAL_VERIFIED,European Central Bank / RBI Reference Rate via Frankfurter API
371,2026-02-24,USD/INR,90.93,REAL_VERIFIED,European Central Bank / RBI Reference Rate via Frankfurter API
372,2026-02-25,USD/INR,90.95,REAL_VERIFIED,European Central Bank / RBI Reference Rate via Frankfurter API
373,2026-02-26,USD/INR,90.93,REAL_VERIFIED,European Central Bank / RBI Reference Rate via Frankfurter API
374,2026-02-27,USD/INR,91.08,REAL_VERIFIED,European Central Bank / RBI Reference Rate via Frankfurter API
375,2026-03-02,USD/INR,91.74,REAL_VERIFIED,European Central Bank / RBI Reference Rate via Frankfurter API
376,2026-03-03,USD/INR,92.15,REAL_VERIFIED,European Central Bank / RBI Reference Rate via Frankfurter API
377,2026-03-04,USD/INR,92.09,REAL_VERIFIED,European Central Bank / RBI Reference Rate via Frankfurter API
378,2026-03-05,USD/INR,91.65,REAL_VERIFIED,European Central Bank / RBI Reference Rate via Frankfurter API
379,2026-03-06,USD/INR,91.83,REAL_VERIFIED,European Central Bank / RBI Reference Rate via Frankfurter API
380,2026-03-09,USD/INR,92.3,REAL_VERIFIED,European Central Bank / RBI Reference Rate via Frankfurter API
381,2026-03-10,USD/INR,91.96,REAL_VERIFIED,European Central Bank / RBI Reference Rate via Frankfurter API
382,2026-03-11,USD/INR,92.07,REAL_VERIFIED,European Central Bank / RBI Reference Rate via Frankfurter API
383,2026-03-12,USD/INR,92.21,REAL_VERIFIED,European Central Bank / RBI Reference Rate via Frankfurter API
384,2026-03-13,USD/INR,92.38,REAL_VERIFIED,European Central Bank / RBI Reference Rate via Frankfurter API
385,2026-03-16,USD/INR,92.25,REAL_VERIFIED,European Central Bank / RBI Reference Rate via Frankfurter API
386,2026-03-17,USD/INR,92.37,REAL_VERIFIED,European Central Bank / RBI Reference Rate via Frankfurter API
387,2026-03-18,USD/INR,92.9,REAL_VERIFIED,European Central Bank / RBI Reference Rate via Frankfurter API
388,2026-03-19,USD/INR,93.25,REAL_VERIFIED,European Central Bank / RBI Reference Rate via Frankfurter API
389,2026-03-20,USD/INR,93.62,REAL_VERIFIED,European Central Bank / RBI Reference Rate via Frankfurter API
390,2026-03-23,USD/INR,93.22,REAL_VERIFIED,European Central Bank / RBI Reference Rate via Frankfurter API
391,2026-03-24,USD/INR,93.85,REAL_VERIFIED,European Central Bank / RBI Reference Rate via Frankfurter API
392,2026-03-25,USD/INR,93.94,REAL_VERIFIED,European Central Bank / RBI Reference Rate via Frankfurter API
393,2026-03-26,USD/INR,94.12,REAL_VERIFIED,European Central Bank / RBI Reference Rate via Frankfurter API
394,2026-03-27,USD/INR,94.81,REAL_VERIFIED,European Central Bank / RBI Reference Rate via Frankfurter API
395,2026-03-30,USD/INR,94.71,REAL_VERIFIED,European Central Bank / RBI Reference Rate via Frankfurter API
396,2026-03-31,USD/INR,93.83,REAL_VERIFIED,European Central Bank / RBI Reference Rate via Frankfurter API
397,2026-04-01,USD/INR,93.43,REAL_VERIFIED,European Central Bank / RBI Reference Rate via Frankfurter API
398,2026-04-02,USD/INR,93.1,REAL_VERIFIED,European Central Bank / RBI Reference Rate via Frankfurter API
399,2026-04-07,USD/INR,93.01,REAL_VERIFIED,European Central Bank / RBI Reference Rate via Frankfurter API
400,2026-04-08,USD/INR,92.22,REAL_VERIFIED,European Central Bank / RBI Reference Rate via Frankfurter API
401,2026-04-09,USD/INR,92.66,REAL_VERIFIED,European Central Bank / RBI Reference Rate via Frankfurter API
402,2026-04-10,USD/INR,92.89,REAL_VERIFIED,European Central Bank / RBI Reference Rate via Frankfurter API
403,2026-04-13,USD/INR,93.33,REAL_VERIFIED,European Central Bank / RBI Reference Rate via Frankfurter API
404,2026-04-14,USD/INR,93.09,REAL_VERIFIED,European Central Bank / RBI Reference Rate via Frankfurter API
405,2026-04-15,USD/INR,93.44,REAL_VERIFIED,European Central Bank / RBI Reference Rate via Frankfurter API
406,2026-04-16,USD/INR,93.24,REAL_VERIFIED,European Central Bank / RBI Reference Rate via Frankfurter API
407,2026-04-17,USD/INR,92.82,REAL_VERIFIED,European Central Bank / RBI Reference Rate via Frankfurter API
408,2026-04-20,USD/INR,93.07,REAL_VERIFIED,European Central Bank / RBI Reference Rate via Frankfurter API
409,2026-04-21,USD/INR,93.51,REAL_VERIFIED,European Central Bank / RBI Reference Rate via Frankfurter API
410,2026-04-22,USD/INR,93.8,REAL_VERIFIED,European Central Bank / RBI Reference Rate via Frankfurter API
411,2026-04-23,USD/INR,94.11,REAL_VERIFIED,European Central Bank / RBI Reference Rate via Frankfurter API
412,2026-04-24,USD/INR,94.25,REAL_VERIFIED,European Central Bank / RBI Reference Rate via Frankfurter API
413,2026-04-27,USD/INR,94.2,REAL_VERIFIED,European Central Bank / RBI Reference Rate via Frankfurter API
414,2026-04-28,USD/INR,94.55,REAL_VERIFIED,European Central Bank / RBI Reference Rate via Frankfurter API
415,2026-04-29,USD/INR,94.85,REAL_VERIFIED,European Central Bank / RBI Reference Rate via Frankfurter API
416,2026-04-30,USD/INR,94.92,REAL_VERIFIED,European Central Bank / RBI Reference Rate via Frankfurter API
417,2026-05-04,USD/INR,95.09,REAL_VERIFIED,European Central Bank / RBI Reference Rate via Frankfurter API
418,2026-05-05,USD/INR,95.28,REAL_VERIFIED,European Central Bank / RBI Reference Rate via Frankfurter API
419,2026-05-06,USD/INR,94.62,REAL_VERIFIED,European Central Bank / RBI Reference Rate via Frankfurter API
420,2026-05-07,USD/INR,94.26,REAL_VERIFIED,European Central Bank / RBI Reference Rate via Frankfurter API
421,2026-05-08,USD/INR,94.49,REAL_VERIFIED,European Central Bank / RBI Reference Rate via Frankfurter API
422,2026-05-11,USD/INR,95.32,REAL_VERIFIED,European Central Bank / RBI Reference Rate via Frankfurter API
423,2026-05-12,USD/INR,95.64,REAL_VERIFIED,European Central Bank / RBI Reference Rate via Frankfurter API
424,2026-05-13,USD/INR,95.67,REAL_VERIFIED,European Central Bank / RBI Reference Rate via Frankfurter API
425,2026-05-14,USD/INR,95.77,REAL_VERIFIED,European Central Bank / RBI Reference Rate via Frankfurter API
426,2026-05-15,USD/INR,95.97,REAL_VERIFIED,European Central Bank / RBI Reference Rate via Frankfurter API
427,2026-05-18,USD/INR,96.35,REAL_VERIFIED,European Central Bank / RBI Reference Rate via Frankfurter API
428,2026-05-19,USD/INR,96.54,REAL_VERIFIED,European Central Bank / RBI Reference Rate via Frankfurter API
429,2026-05-20,USD/INR,96.83,REAL_VERIFIED,European Central Bank / RBI Reference Rate via Frankfurter API
430,2026-05-21,USD/INR,96.21,REAL_VERIFIED,European Central Bank / RBI Reference Rate via Frankfurter API
431,2026-05-22,USD/INR,95.7,REAL_VERIFIED,European Central Bank / RBI Reference Rate via Frankfurter API
432,2026-05-25,USD/INR,95.24,REAL_VERIFIED,European Central Bank / RBI Reference Rate via Frankfurter API
433,2026-05-26,USD/INR,95.69,REAL_VERIFIED,European Central Bank / RBI Reference Rate via Frankfurter API
434,2026-05-27,USD/INR,95.69,REAL_VERIFIED,European Central Bank / RBI Reference Rate via Frankfurter API
435,2026-05-28,USD/INR,95.7,REAL_VERIFIED,European Central Bank / RBI Reference Rate via Frankfurter API
436,2026-05-29,USD/INR,95.0,REAL_VERIFIED,European Central Bank / RBI Reference Rate via Frankfurter API
437,2026-06-01,USD/INR,94.99,REAL_VERIFIED,European Central Bank / RBI Reference Rate via Frankfurter API
438,2026-06-02,USD/INR,95.27,REAL_VERIFIED,European Central Bank / RBI Reference Rate via Frankfurter API
439,2026-06-03,USD/INR,95.71,REAL_VERIFIED,European Central Bank / RBI Reference Rate via Frankfurter API
440,2026-06-04,USD/INR,95.78,REAL_VERIFIED,European Central Bank / RBI Reference Rate via Frankfurter API
441,2026-06-05,USD/INR,94.95,REAL_VERIFIED,European Central Bank / RBI Reference Rate via Frankfurter API
442,2026-06-08,USD/INR,95.71,REAL_VERIFIED,European Central Bank / RBI Reference Rate via Frankfurter API
443,2026-06-09,USD/INR,95.35,REAL_VERIFIED,European Central Bank / RBI Reference Rate via Frankfurter API
444,2026-06-10,USD/INR,95.27,REAL_VERIFIED,European Central Bank / RBI Reference Rate via Frankfurter API
445,2026-06-11,USD/INR,95.76,REAL_VERIFIED,European Central Bank / RBI Reference Rate via Frankfurter API
446,2026-06-12,USD/INR,95.12,REAL_VERIFIED,European Central Bank / RBI Reference Rate via Frankfurter API
447,2026-06-15,USD/INR,94.72,REAL_VERIFIED,European Central Bank / RBI Reference Rate via Frankfurter API
448,2026-06-16,USD/INR,94.56,REAL_VERIFIED,European Central Bank / RBI Reference Rate via Frankfurter API
449,2026-06-17,USD/INR,94.53,REAL_VERIFIED,European Central Bank / RBI Reference Rate via Frankfurter API
450,2026-06-18,USD/INR,94.34,REAL_VERIFIED,European Central Bank / RBI Reference Rate via Frankfurter API
451,2026-06-19,USD/INR,94.33,REAL_VERIFIED,European Central Bank / RBI Reference Rate via Frankfurter API
452,2026-06-22,USD/INR,94.68,REAL_VERIFIED,European Central Bank / RBI Reference Rate via Frankfurter API
453,2026-06-23,USD/INR,94.74,REAL_VERIFIED,European Central Bank / RBI Reference Rate via Frankfurter API
454,2026-06-24,USD/INR,94.67,REAL_VERIFIED,European Central Bank / RBI Reference Rate via Frankfurter API
455,2026-06-25,USD/INR,94.39,REAL_VERIFIED,European Central Bank / RBI Reference Rate via Frankfurter API
456,2026-06-26,USD/INR,94.4,REAL_VERIFIED,European Central Bank / RBI Reference Rate via Frankfurter API
457,2026-06-29,USD/INR,94.55,REAL_VERIFIED,European Central Bank / RBI Reference Rate via Frankfurter API
458,2026-06-30,USD/INR,94.66,REAL_VERIFIED,European Central Bank / RBI Reference Rate via Frankfurter API
459,2026-07-01,USD/INR,95.25,REAL_VERIFIED,European Central Bank / RBI Reference Rate via Frankfurter API
460,2026-07-02,USD/INR,95.39,REAL_VERIFIED,European Central Bank / RBI Reference Rate via Frankfurter API
461,2026-07-03,USD/INR,95.21,REAL_VERIFIED,European Central Bank / RBI Reference Rate via Frankfurter API
462,2026-07-06,USD/INR,95.4,REAL_VERIFIED,European Central Bank / RBI Reference Rate via Frankfurter API
463,2026-07-07,USD/INR,94.97,REAL_VERIFIED,European Central Bank / RBI Reference Rate via Frankfurter API
464,2026-07-08,USD/INR,95.56,REAL_VERIFIED,European Central Bank / RBI Reference Rate via Frankfurter API
465,2026-07-09,USD/INR,95.39,REAL_VERIFIED,European Central Bank / RBI Reference Rate via Frankfurter API
466,2026-07-10,USD/INR,95.34,REAL_VERIFIED,European Central Bank / RBI Reference Rate via Frankfurter API
467,2026-07-13,USD/INR,95.62,REAL_VERIFIED,European Central Bank / RBI Reference Rate via Frankfurter API
468,2026-07-14,USD/INR,96.2,REAL_VERIFIED,European Central Bank / RBI Reference Rate via Frankfurter API
469,2026-07-15,USD/INR,96.26,REAL_VERIFIED,European Central Bank / RBI Reference Rate via Frankfurter API
470,2026-07-16,USD/INR,96.35,REAL_VERIFIED,European Central Bank / RBI Reference Rate via Frankfurter API
471,2026-07-17,USD/INR,96.28,REAL_VERIFIED,European Central Bank / RBI Reference Rate via Frankfurter API
472,2026-07-20,USD/INR,96.45,REAL_VERIFIED,European Central Bank / RBI Reference Rate via Frankfurter API
473,2026-07-21,USD/INR,96.23,REAL_VERIFIED,European Central Bank / RBI Reference Rate via Frankfurter API
474,2026-07-22,USD/INR,96.57,REAL_VERIFIED,European Central Bank / RBI Reference Rate via Frankfurter API
475,2026-07-23,USD/INR,96.59,REAL_VERIFIED,European Central Bank / RBI Reference Rate via Frankfurter API
476,2026-07-24,USD/INR,96.56,REAL_VERIFIED,European Central Bank / RBI Reference Rate via Frankfurter API
477,2026-07-27,USD/INR,95.92,REAL_VERIFIED,European Central Bank / RBI Reference Rate via Frankfurter API
478,2026-07-28,USD/INR,95.86,REAL_VERIFIED,European Central Bank / RBI Reference Rate via Frankfurter API
479,2026-07-29,USD/INR,95.65,REAL_VERIFIED,European Central Bank / RBI Reference Rate via Frankfurter API
480,2026-07-30,USD/INR,95.69,REAL_VERIFIED,European Central Bank / RBI Reference Rate via Frankfurter API
481,2026-07-31,USD/INR,95.39,REAL_VERIFIED,European Central Bank / RBI Reference Rate via Frankfurter API
482,2026-08-03,USD/INR,95.34,REAL_VERIFIED,European Central Bank / RBI Reference Rate via Frankfurter API
483,2026-08-04,USD/INR,95.38,REAL_VERIFIED,European Central Bank / RBI Reference Rate via Frankfurter API
484,2026-08-05,USD/INR,95.12,REAL_VERIFIED,European Central Bank / RBI Reference Rate via Frankfurter API
485,2026-08-06,USD/INR,95.23,REAL_VERIFIED,European Central Bank / RBI Reference Rate via Frankfurter API
486,2026-08-07,USD/INR,95.21,REAL_VERIFIED,European Central Bank / RBI Reference Rate via Frankfurter API
487,2026-08-10,USD/INR,95.3,REAL_VERIFIED,European Central Bank / RBI Reference Rate via Frankfurter API
488,2026-08-11,USD/INR,95.44,REAL_VERIFIED,European Central Bank / RBI Reference Rate via Frankfurter API
489,2026-08-12,USD/INR,95.34,REAL_VERIFIED,European Central Bank / RBI Reference Rate via Frankfurter API
490,2026-08-13,USD/INR,95.44,REAL_VERIFIED,European Central Bank / RBI Reference Rate via Frankfurter API
491,2026-08-14,USD/INR,95.43,REAL_VERIFIED,European Central Bank / RBI Reference Rate via Frankfurter API
492,2026-08-17,USD/INR,95.61,REAL_VERIFIED,European Central Bank / RBI Reference Rate via Frankfurter API
493,2026-08-18,USD/INR,95.69,REAL_VERIFIED,European Central Bank / RBI Reference Rate via Frankfurter API
494,2026-08-19,USD/INR,95.76,REAL_VERIFIED,European Central Bank / RBI Reference Rate via Frankfurter API
495,2026-08-20,USD/INR,95.71,REAL_VERIFIED,European Central Bank / RBI Reference Rate via Frankfurter API
496,2026-08-21,USD/INR,95.7,REAL_VERIFIED,European Central Bank / RBI Reference Rate via Frankfurter API
497,2026-08-24,USD/INR,95.76,REAL_VERIFIED,European Central Bank / RBI Reference Rate via Frankfurter API
498,2026-08-25,USD/INR,95.42,REAL_VERIFIED,European Central Bank / RBI Reference Rate via Frankfurter API
499,2026-08-26,USD/INR,95.42,REAL_VERIFIED,European Central Bank / RBI Reference Rate via Frankfurter API
500,2026-08-27,USD/INR,95.54,REAL_VERIFIED,European Central Bank / RBI Reference Rate via Frankfurter API
501,2026-08-28,USD/INR,95.39,REAL_VERIFIED,European Central Bank / RBI Reference Rate via Frankfurter API
502,2026-08-31,USD/INR,95.17,REAL_VERIFIED,European Central Bank / RBI Reference Rate via Frankfurter API
503,2026-09-01,USD/INR,94.95,REAL_VERIFIED,European Central Bank / RBI Reference Rate via Frankfurter API
504,2026-09-02,USD/INR,94.97,REAL_VERIFIED,European Central Bank / RBI Reference Rate via Frankfurter API
505,2026-09-03,USD/INR,94.49,REAL_VERIFIED,European Central Bank / RBI Reference Rate via Frankfurter API
506,2026-09-04,USD/INR,94.49,REAL_VERIFIED,European Central Bank / RBI Reference Rate via Frankfurter API
507,2026-09-07,USD/INR,94.49,REAL_VERIFIED,European Central Bank / RBI Reference Rate via Frankfurter API
508,2026-09-08,USD/INR,94.83,REAL_VERIFIED,European Central Bank / RBI Reference Rate via Frankfurter API
509,2026-09-09,USD/INR,95.11,REAL_VERIFIED,European Central Bank / RBI Reference Rate via Frankfurter API
510,2026-09-10,USD/INR,95.44,REAL_VERIFIED,European Central Bank / RBI Reference Rate via Frankfurter API
511,2026-09-11,USD/INR,95.56,REAL_VERIFIED,European Central Bank / RBI Reference Rate via Frankfurter API
